index,PIBT_regret_flow,normalized_PIBT_regret_flow,num_of_agent
0,8217,0.0333704,600
1,0,0,600
2,0,0,600
3,0,0,600
4,886,0.00359817,600
5,22350,0.0907666,600
6,15857,0.0643976,600
7,22479,0.0912905,600
8,0,0,600
9,11623,0.0472027,600
10,30799,0.125079,600
11,26261,0.10665,600
12,24092,0.0978411,600
13,0,0,600
14,13483,0.0547564,600
15,46086,0.187162,600
16,43243,0.175616,600
17,48789,0.198139,600
18,0,0,600
19,24026,0.0975731,600
20,45565,0.185046,600
21,47791,0.194086,600
22,0,0,600
23,0,0,600
24,20055,0.0814463,600
25,53843,0.218664,600
26,58521,0.237662,600
27,54529,0.22145,600
28,0,0,600
29,28219,0.114601,600
30,43683,0.177403,600
31,48566,0.197234,600
32,0,0,600
33,0,0,600
34,19283,0.0783111,600
35,47634,0.193449,600
36,47806,0.194147,600
37,0,0,600
38,0,0,600
39,20475,0.0831519,600
40,57409,0.233146,600
41,56259,0.228476,600
42,54361,0.220768,600
43,0,0,600
44,27795,0.11288,600
45,0,0,600
46,47686,0.19366,600
47,45553,0.184997,600
48,0,0,600
49,21112,0.0857389,600
50,0,0,600
51,0,0,600
52,0,0,600
53,0,0,600
54,0,0,600
55,42169,0.171254,600
56,0,0,600
57,36457,0.148057,600
58,0,0,600
59,18198,0.0739047,600
60,44192,0.17947,600
61,29485,0.119743,600
62,35854,0.145608,600
63,0,0,600
64,17633,0.0716102,600
65,55525,0.225495,600
66,44291,0.179872,600
67,47454,0.192718,600
68,0,0,600
69,25943,0.105358,600
70,57399,0.233106,600
71,46883,0.190399,600
72,48443,0.196734,600
73,0,0,600
74,24006,0.0974918,600
75,65309,0.265229,600
76,60290,0.244846,600
77,55512,0.225442,600
78,0,0,600
79,30856,0.125311,600
80,0,0,600
81,60233,0.244615,600
82,62019,0.251868,600
83,0,0,600
84,30950,0.125692,600
85,0,0,600
86,0,0,600
87,0,0,600
88,0,0,600
89,0,0,600
90,64266,0.260994,600
91,0,0,600
92,54305,0.22054,600
93,0,0,600
94,29533,0.119938,600
95,63683,0.258626,600
96,61542,0.249931,600
97,0,0,600
98,0,0,600
99,30932,0.125619,600
100,0,0,600
101,60546,0.245886,600
102,62263,0.252859,600
103,0,0,600
104,29606,0.120234,600
105,0,0,600
106,0,0,600
107,0,0,600
108,0,0,600
109,0,0,600
110,0,0,600
111,0,0,600
112,61785,0.250918,600
113,0,0,600
114,31143,0.126476,600
115,0,0,600
116,0,0,600
117,0,0,600
118,0,0,600
119,0,0,600
120,102821,0.417571,600
121,0,0,600
122,91727,0.372517,600
123,0,0,600
124,42252,0.171591,600
125,111553,0.453033,600
126,97953,0.397801,600
127,0,0,600
128,0,0,600
129,45601,0.185192,600
130,116728,0.474049,600
131,105788,0.42962,600
132,106639,0.433076,600
133,0,0,600
134,50761,0.206148,600
135,94481,0.383701,600
136,84093,0.341514,600
137,77248,0.313715,600
138,0,0,600
139,46925,0.190569,600
140,54865,0.222815,600
141,52827,0.214538,600
142,47597,0.193298,600
143,0,0,600
144,29271,0.118874,600
145,24702,0.100318,600
146,26690,0.108392,600
147,22136,0.0898975,600
148,0,0,600
149,12888,0.05234,600
150,13783,0.0559748,600
151,14416,0.0585455,600
152,15223,0.0618228,600
153,0,0,600
154,7236,0.0293864,600
155,0,0,600
156,13444,0.054598,600
157,16674,0.0677155,600
158,0,0,600
159,6380,0.0259101,600
160,0,0,600
161,0,0,600
162,0,0,600
163,0,0,600
164,0,0,600
165,6413,0.0260441,600
166,0,0,600
167,7901,0.0320871,600
168,11356,0.0461184,600
169,3142,0.0127601,600
170,21432,0.0870385,600
171,10449,0.0424349,600
172,12959,0.0526284,600
173,17280,0.0701766,600
174,7220,0.0293215,600
175,0,0,600
176,46733,0.189789,600
177,47462,0.19275,600
178,47036,0.19102,600
179,26909,0.109281,600
180,0,0,600
181,0,0,600
182,0,0,600
183,0,0,600
184,0,0,600
185,0,0,600
186,0,0,600
187,33933,0.137807,600
188,36639,0.148796,600
189,15165,0.0615873,600
190,0,0,600
191,0,0,600
192,0,0,600
193,0,0,600
194,0,0,600
195,0,0,600
196,0,0,600
197,0,0,600
198,0,0,600
199,0,0,600
200,54446,0.221113,600
201,0,0,600
202,52547,0.213401,600
203,63090,0.256218,600
204,31863,0.1294,600
205,59234,0.240558,600
206,48353,0.196369,600
207,49471,0.200909,600
208,48438,0.196714,600
209,27118,0.11013,600
210,59019,0.239685,600
211,51076,0.207427,600
212,47913,0.194582,600
213,0,0,600
214,25683,0.104302,600
215,59307,0.240854,600
216,71725,0.291286,600
217,68742,0.279171,600
218,75090,0.304951,600
219,36073,0.146498,600
220,63168,0.256534,600
221,79384,0.32239,600
222,63716,0.25876,600
223,67376,0.273624,600
224,38036,0.15447,600
225,69404,0.28186,600
226,86920,0.352995,600
227,79410,0.322495,600
228,72855,0.295875,600
229,41415,0.168192,600
230,65100,0.264381,600
231,81596,0.331373,600
232,0,0,600
233,63623,0.258382,600
234,35568,0.144447,600
235,67346,0.273502,600
236,91172,0.370263,600
237,70860,0.287773,600
238,70624,0.286814,600
239,35440,0.143927,600
240,75589,0.306978,600
241,82685,0.335796,600
242,65789,0.267179,600
243,68551,0.278396,600
244,33151,0.134631,600
245,67985,0.276097,600
246,67429,0.273839,600
247,50562,0.20534,600
248,0,0,600
249,25822,0.104867,600
250,0,0,600
251,79820,0.324161,600
252,73581,0.298823,600
253,93859,0.381175,600
254,42795,0.173797,600
255,0,0,600
256,0,0,600
257,0,0,600
258,0,0,600
259,0,0,600
260,0,0,600
261,0,0,600
262,64063,0.260169,600
263,67430,0.273843,600
264,34696,0.140905,600
265,0,0,600
266,0,0,600
267,0,0,600
268,0,0,600
269,0,0,600
270,106436,0.432252,600
271,0,0,600
272,102023,0.41433,600
273,92963,0.377536,600
274,49288,0.200166,600
275,99693,0.404868,600
276,93194,0.378474,600
277,0,0,600
278,0,0,600
279,43136,0.175182,600
280,0,0,600
281,88217,0.358262,600
282,0,0,600
283,100515,0.408206,600
284,41384,0.168066,600
285,0,0,600
286,0,0,600
287,0,0,600
288,0,0,600
289,0,0,600
290,97735,0.396916,600
291,0,0,600
292,91859,0.373053,600
293,97377,0.395462,600
294,57137,0.232042,600
295,52932,0.214965,600
296,56527,0.229564,600
297,57061,0.231733,600
298,51043,0.207293,600
299,24750,0.100513,600
300,54752,0.222356,600
301,47138,0.191434,600
302,0,0,600
303,43072,0.174922,600
304,26028,0.105703,600
305,37369,0.151761,600
306,46133,0.187353,600
307,36623,0.148731,600
308,31471,0.127808,600
309,22406,0.090994,600
310,25793,0.104749,600
311,27823,0.112993,600
312,25213,0.102394,600
313,22165,0.0900153,600
314,14428,0.0585942,600
315,0,0,600
316,24032,0.0975974,600
317,28020,0.113793,600
318,24520,0.0995793,600
319,14086,0.0572053,600
320,10392,0.0422034,600
321,0,0,600
322,8452,0.0343248,600
323,0,0,600
324,2828,0.0114849,600
325,10559,0.0428816,600
326,9403,0.0381869,600
327,11311,0.0459356,600
328,7735,0.031413,600
329,3906,0.0158628,600
330,26708,0.108465,600
331,15040,0.0610796,600
332,20012,0.0812716,600
333,14900,0.0605111,600
334,9596,0.0389707,600
335,56526,0.22956,600
336,54740,0.222307,600
337,55684,0.226141,600
338,54560,0.221576,600
339,32492,0.131955,600
340,54435,0.221068,600
341,51935,0.210916,600
342,58593,0.237955,600
343,0,0,600
344,26685,0.108372,600
345,57774,0.234629,600
346,60435,0.245435,600
347,0,0,600
348,49907,0.20268,600
349,28040,0.113874,600
350,61475,0.249659,600
351,66257,0.269079,600
352,65162,0.264632,600
353,0,0,600
354,28552,0.115954,600
355,54951,0.223164,600
356,67831,0.275471,600
357,0,0,600
358,0,0,600
359,23117,0.0938815,600
360,51094,0.2075,600
361,72155,0.293032,600
362,57623,0.234015,600
363,62148,0.252392,600
364,26900,0.109245,600
365,54600,0.221738,600
366,65440,0.265761,600
367,52699,0.214018,600
368,53784,0.218425,600
369,30535,0.124007,600
370,38311,0.155587,600
371,51553,0.209364,600
372,34141,0.138652,600
373,34707,0.14095,600
374,16796,0.068211,600
375,63515,0.257944,600
376,69242,0.281202,600
377,55615,0.225861,600
378,56879,0.230994,600
379,33829,0.137384,600
380,86581,0.351618,600
381,86802,0.352515,600
382,74623,0.303055,600
383,80887,0.328494,600
384,49875,0.20255,600
385,0,0,600
386,101445,0.411983,600
387,95659,0.388485,600
388,102908,0.417924,600
389,59737,0.242601,600
390,0,0,600
391,0,0,600
392,0,0,600
393,0,0,600
394,0,0,600
395,77603,0.315157,600
396,0,0,600
397,86312,0.350526,600
398,88327,0.358709,600
399,47308,0.192125,600
400,67612,0.274582,600
401,85178,0.34592,600
402,70609,0.286753,600
403,78527,0.31891,600
404,42224,0.171478,600
405,74437,0.302299,600
406,78451,0.318601,600
407,76398,0.310263,600
408,82003,0.333026,600
409,40750,0.165492,600
410,94766,0.384858,600
411,116611,0.473574,600
412,0,0,600
413,106097,0.430875,600
414,46172,0.187511,600
415,81737,0.331946,600
416,123549,0.50175,600
417,98851,0.401448,600
418,0,0,600
419,42831,0.173943,600
420,62611,0.254272,600
421,91322,0.370872,600
422,67925,0.275853,600
423,74232,0.301467,600
424,27764,0.112754,600
425,69005,0.280239,600
426,88260,0.358437,600
427,52945,0.215017,600
428,0,0,600
429,27993,0.113684,600
430,0,0,600
431,97224,0.394841,600
432,78187,0.317529,600
433,111988,0.454799,600
434,45828,0.186114,600
435,0,0,600
436,0,0,600
437,0,0,600
438,0,0,600
439,0,0,600
440,0,0,600
441,0,0,600
442,0,0,600
443,0,0,600
444,0,0,600
445,111058,0.451023,600
446,0,0,600
447,98076,0.398301,600
448,0,0,600
449,60607,0.246134,600
450,102300,0.415455,600
451,94730,0.384712,600
452,92230,0.374559,600
453,103178,0.419021,600
454,55962,0.22727,600
455,0,0,600
456,81758,0.332031,600
457,91540,0.371757,600
458,79732,0.323803,600
459,45132,0.183288,600
460,0,0,600
461,0,0,600
462,0,0,600
463,0,0,600
464,0,0,600
465,18708,0.0759759,600
466,0,0,600
467,0,0,600
468,24552,0.0997092,600
469,9007,0.0365787,600
470,14465,0.0587445,600
471,18928,0.0768693,600
472,20749,0.0842647,600
473,17326,0.0703634,600
474,7829,0.0317947,600
475,0,0,600
476,18462,0.0749769,600
477,21301,0.0865064,600
478,21789,0.0884883,600
479,9973,0.0405018,600
480,14937,0.0606613,600
481,0,0,600
482,13956,0.0566773,600
483,11507,0.0467316,600
484,5578,0.0226531,600
485,23174,0.094113,600
486,20557,0.0834849,600
487,0,0,600
488,20027,0.0813325,600
489,11562,0.046955,600
490,36556,0.148459,600
491,28663,0.116405,600
492,0,0,600
493,27073,0.109947,600
494,16994,0.0690151,600
495,54680,0.222063,600
496,56356,0.22887,600
497,60332,0.245017,600
498,54282,0.220447,600
499,33228,0.134944,600
500,0,0,600
501,41463,0.168387,600
502,49074,0.199297,600
503,45109,0.183194,600
504,22106,0.0897757,600
505,0,0,600
506,0,0,600
507,0,0,600
508,0,0,600
509,0,0,600
510,0,0,600
511,0,0,600
512,61621,0.250252,600
513,56311,0.228687,600
514,27594,0.112063,600
515,0,0,600
516,0,0,600
517,0,0,600
518,0,0,600
519,0,0,600
520,78591,0.319169,600
521,0,0,600
522,78866,0.320286,600
523,83535,0.339248,600
524,46238,0.187779,600
525,56561,0.229702,600
526,63590,0.258248,600
527,65802,0.267231,600
528,57990,0.235506,600
529,33240,0.134992,600
530,49880,0.20257,600
531,53181,0.215976,600
532,53250,0.216256,600
533,46155,0.187442,600
534,27437,0.111426,600
535,69846,0.283655,600
536,79966,0.324753,600
537,74286,0.301686,600
538,70581,0.28664,600
539,39208,0.159229,600
540,101167,0.410854,600
541,119375,0.484799,600
542,88577,0.359724,600
543,108235,0.439558,600
544,59171,0.240302,600
545,108130,0.439132,600
546,103023,0.418391,600
547,98113,0.398451,600
548,111563,0.453073,600
549,52622,0.213706,600
550,95906,0.389488,600
551,90962,0.36941,600
552,0,0,600
553,0,0,600
554,46282,0.187958,600
555,90825,0.368853,600
556,104081,0.422688,600
557,0,0,600
558,100532,0.408275,600
559,54166,0.219976,600
560,90097,0.365897,600
561,93004,0.377703,600
562,93046,0.377873,600
563,87522,0.355439,600
564,46582,0.189176,600
565,0,0,600
566,72877,0.295964,600
567,0,0,600
568,66978,0.272007,600
569,46806,0.190086,600
570,0,0,600
571,0,0,600
572,0,0,600
573,0,0,600
574,0,0,600
575,99284,0.403207,600
576,0,0,600
577,102563,0.416523,600
578,94818,0.38507,600
579,57227,0.232407,600
580,88142,0.357957,600
581,93160,0.378336,600
582,84810,0.344426,600
583,85836,0.348592,600
584,52276,0.2123,600
585,76564,0.310937,600
586,72404,0.294043,600
587,61713,0.250625,600
588,82755,0.33608,600
589,36847,0.149641,600
590,100288,0.407284,600
591,90438,0.367282,600
592,84124,0.34164,600
593,108243,0.43959,600
594,48640,0.197534,600
595,124933,0.507371,600
596,114363,0.464445,600
597,107218,0.435428,600
598,0,0,600
599,56455,0.229272,600
600,134493,0.546196,600
601,125997,0.511692,600
602,0,0,600
603,0,0,600
604,57679,0.234243,600
605,116894,0.474723,600
606,127096,0.516155,600
607,116829,0.474459,600
608,131376,0.533537,600
609,58987,0.239555,600
610,116260,0.472149,600
611,101777,0.413331,600
612,115515,0.469123,600
613,109688,0.445459,600
614,56742,0.230437,600
615,126546,0.513922,600
616,108071,0.438892,600
617,0,0,600
618,113620,0.461427,600
619,58534,0.237715,600
620,0,0,600
621,98447,0.399808,600
622,102755,0.417303,600
623,0,0,600
624,42282,0.171713,600
625,0,0,600
626,0,0,600
627,0,0,600
628,0,0,600
629,0,0,600
630,26179,0.106317,600
631,0,0,600
632,30182,0.122573,600
633,27951,0.113513,600
634,14329,0.0581921,600
635,0,0,600
636,21095,0.0856698,600
637,19457,0.0790177,600
638,19414,0.0788431,600
639,10038,0.0407658,600
640,0,0,600
641,0,0,600
642,17566,0.0713381,600
643,16542,0.0671795,600
644,5701,0.0231526,600
645,0,0,600
646,0,0,600
647,0,0,600
648,0,0,600
649,0,0,600
650,0,0,600
651,0,0,600
652,0,0,600
653,0,0,600
654,0,0,600
655,43568,0.176936,600
656,0,0,600
657,48070,0.195219,600
658,49386,0.200564,600
659,25589,0.103921,600
660,43956,0.178512,600
661,40619,0.16496,600
662,43826,0.177984,600
663,38759,0.157406,600
664,21097,0.085678,600
665,65902,0.267638,600
666,48019,0.195012,600
667,59795,0.242836,600
668,0,0,600
669,28204,0.114541,600
670,93268,0.378775,600
671,88860,0.360873,600
672,0,0,600
673,78347,0.318178,600
674,42692,0.173378,600
675,84132,0.341672,600
676,112059,0.455088,600
677,116275,0.47221,600
678,0,0,600
679,49932,0.202781,600
680,89388,0.363018,600
681,98449,0.399816,600
682,81360,0.330415,600
683,96785,0.393058,600
684,42135,0.171116,600
685,84551,0.343374,600
686,81447,0.330768,600
687,0,0,600
688,88624,0.359915,600
689,49006,0.19902,600
690,89962,0.365349,600
691,95818,0.389131,600
692,103971,0.422241,600
693,94349,0.383165,600
694,61574,0.250061,600
695,92797,0.376862,600
696,122590,0.497856,600
697,0,0,600
698,107362,0.436013,600
699,65435,0.265741,600
700,106790,0.43369,600
701,136478,0.554257,600
702,88439,0.359164,600
703,123237,0.500483,600
704,58417,0.23724,600
705,0,0,600
706,92240,0.3746,600
707,97815,0.397241,600
708,106115,0.430948,600
709,47706,0.193741,600
710,0,0,600
711,0,0,600
712,0,0,600
713,0,0,600
714,0,0,600
715,0,0,600
716,0,0,600
717,0,0,600
718,0,0,600
719,0,0,600
720,0,0,600
721,0,0,600
722,107628,0.437093,600
723,125925,0.5114,600
724,56143,0.228005,600
725,0,0,600
726,0,0,600
727,0,0,600
728,0,0,600
729,0,0,600
730,88288,0.35855,600
731,0,0,600
732,76884,0.312237,600
733,0,0,600
734,52190,0.211951,600
735,77167,0.313386,600
736,83514,0.339162,600
737,71864,0.29185,600
738,84496,0.34315,600
739,44474,0.180615,600
740,62568,0.254098,600
741,67946,0.275939,600
742,55088,0.22372,600
743,66630,0.270594,600
744,32752,0.133011,600
745,45926,0.186512,600
746,51991,0.211143,600
747,48509,0.197002,600
748,63897,0.259495,600
749,20683,0.0839967,600
750,64770,0.26304,600
751,75471,0.306499,600
752,0,0,600
753,67123,0.272596,600
754,31929,0.129668,600
755,0,0,600
756,100591,0.408515,600
757,73247,0.297467,600
758,83133,0.337615,600
759,39651,0.161028,600
760,0,0,600
761,0,0,600
762,0,0,600
763,0,0,600
764,0,0,600
765,116585,0.473469,600
766,0,0,600
767,109546,0.444882,600
768,110146,0.447319,600
769,68000,0.276158,600
770,0,0,600
771,85853,0.348661,600
772,93425,0.379412,600
773,88370,0.358883,600
774,48104,0.195357,600
775,0,0,600
776,0,0,600
777,0,0,600
778,0,0,600
779,0,0,600
780,92010,0.373666,600
781,0,0,600
782,90190,0.366275,600
783,90175,0.366214,600
784,45110,0.183198,600
785,52092,0.211553,600
786,51046,0.207305,600
787,54954,0.223176,600
788,0,0,600
789,23390,0.0949902,600
790,26012,0.105638,600
791,36764,0.149304,600
792,0,0,600
793,30776,0.124986,600
794,15998,0.0649702,600
795,0,0,600
796,13535,0.0549676,600
797,0,0,600
798,11530,0.046825,600
799,4446,0.0180558,600
800,27464,0.111535,600
801,0,0,600
802,28605,0.116169,600
803,29963,0.121684,600
804,15166,0.0615913,600
805,17802,0.0722965,600
806,20395,0.082827,600
807,16523,0.0671023,600
808,0,0,600
809,9858,0.0400348,600
810,13980,0.0567748,600
811,11351,0.0460981,600
812,12937,0.052539,600
813,0,0,600
814,4919,0.0199768,600
815,31214,0.126765,600
816,30559,0.124105,600
817,33263,0.135086,600
818,33885,0.137612,600
819,16388,0.066554,600
820,35589,0.144532,600
821,36566,0.1485,600
822,32564,0.132247,600
823,34797,0.141316,600
824,18589,0.0754926,600
825,0,0,600
826,32721,0.132885,600
827,33955,0.137896,600
828,41836,0.169902,600
829,17096,0.0694293,600
830,0,0,600
831,0,0,600
832,0,0,600
833,0,0,600
834,0,0,600
835,98633,0.400563,600
836,0,0,600
837,121884,0.494989,600
838,105140,0.426989,600
839,53214,0.21611,600
840,0,0,600
841,109211,0.443522,600
842,110327,0.448054,600
843,130994,0.531986,600
844,60656,0.246333,600
845,0,0,600
846,0,0,600
847,0,0,600
848,0,0,600
849,0,0,600
850,0,0,600
851,0,0,600
852,0,0,600
853,47622,0.1934,600
854,29557,0.120035,600
855,0,0,600
856,0,0,600
857,0,0,600
858,0,0,600
859,0,0,600
860,110380,0.448269,600
861,0,0,600
862,96156,0.390503,600
863,143075,0.581048,600
864,64761,0.263004,600
865,0,0,600
866,96256,0.39091,600
867,90099,0.365905,600
868,119063,0.483532,600
869,48593,0.197343,600
870,0,0,600
871,0,0,600
872,0,0,600
873,0,0,600
874,0,0,600
875,0,0,600
876,0,0,600
877,0,0,600
878,0,0,600
879,0,0,600
880,116155,0.471722,600
881,0,0,600
882,92957,0.377512,600
883,131952,0.535876,600
884,59803,0.242869,600
885,104577,0.424702,600
886,90622,0.368029,600
887,75624,0.30712,600
888,0,0,600
889,39947,0.162231,600
890,101585,0.412551,600
891,67881,0.275675,600
892,85277,0.346322,600
893,88533,0.359545,600
894,37751,0.153312,600
895,82579,0.335365,600
896,66180,0.268767,600
897,0,0,600
898,74735,0.30351,600
899,36611,0.148683,600
900,67018,0.27217,600
901,54332,0.22065,600
902,67281,0.273238,600
903,70975,0.28824,600
904,27441,0.111442,600
905,0,0,600
906,63205,0.256685,600
907,76184,0.309394,600
908,72198,0.293207,600
909,39526,0.160521,600
910,0,0,600
911,0,0,600
912,0,0,600
913,0,0,600
914,0,0,600
915,89811,0.364735,600
916,0,0,600
917,64099,0.260315,600
918,94502,0.383786,600
919,38737,0.157317,600
920,97654,0.396587,600
921,85661,0.347882,600
922,79661,0.323515,600
923,0,0,600
924,47254,0.191905,600
925,112604,0.457301,600
926,108557,0.440866,600
927,93704,0.380545,600
928,114960,0.466869,600
929,58689,0.238345,600
930,0,0,600
931,73986,0.300468,600
932,76847,0.312087,600
933,80377,0.326423,600
934,41134,0.167051,600
935,0,0,600
936,0,0,600
937,0,0,600
938,0,0,600
939,0,0,600
940,71023,0.288435,600
941,0,0,600
942,79450,0.322658,600
943,74656,0.303189,600
944,40100,0.162852,600
945,0,0,600
946,39375,0.159908,600
947,51650,0.209758,600
948,39928,0.162153,600
949,15368,0.0624117,600
950,0,0,600
951,0,0,600
952,0,0,600
953,0,0,600
954,0,0,600
955,0,0,600
956,0,0,600
957,0,0,600
958,0,0,600
959,0,0,600
960,25012,0.101577,600
961,0,0,600
962,25062,0.10178,600
963,28409,0.115373,600
964,13015,0.0528558,600
965,9657,0.0392185,600
966,11766,0.0477834,600
967,0,0,600
968,10742,0.0436248,600
969,3737,0.0151765,600
970,16248,0.0659855,600
971,10953,0.0444817,600
972,20481,0.0831763,600
973,10654,0.0432674,600
974,6432,0.0261213,600
975,30103,0.122253,600
976,30528,0.123979,600
977,41393,0.168103,600
978,31356,0.127341,600
979,19521,0.0792776,600
980,45357,0.184201,600
981,38367,0.155814,600
982,49996,0.203041,600
983,40121,0.162937,600
984,25453,0.103368,600
985,0,0,600
986,27030,0.109773,600
987,0,0,600
988,30594,0.124247,600
989,13290,0.0539726,600
990,0,0,600
991,0,0,600
992,0,0,600
993,0,0,600
994,0,0,600
995,112909,0.45854,600
996,0,0,600
997,122054,0.495679,600
998,116341,0.472478,600
999,55071,0.223651,600
1000,0,0,600
1001,130174,0.528655,600
1002,112816,0.458162,600
1003,164182,0.666767,600
1004,73686,0.29925,600
1005,0,0,600
1006,0,0,600
1007,0,0,600
1008,0,0,600
1009,0,0,600
1010,0,0,600
1011,0,0,600
1012,0,0,600
1013,0,0,600
1014,0,0,600
1015,156790,0.636747,600
1016,0,0,600
1017,110642,0.449333,600
1018,0,0,600
1019,89224,0.362352,600
1020,126269,0.512797,600
1021,115235,0.467986,600
1022,94798,0.384988,600
1023,159895,0.649357,600
1024,75031,0.304712,600
1025,105852,0.42988,600
1026,85044,0.345376,600
1027,68329,0.277494,600
1028,112202,0.455669,600
1029,42434,0.172331,600
1030,92080,0.37395,600
1031,77117,0.313183,600
1032,71559,0.290611,600
1033,0,0,600
1034,42094,0.17095,600
1035,125767,0.510758,600
1036,105539,0.428609,600
1037,77974,0.316664,600
1038,0,0,600
1039,63520,0.257964,600
1040,98689,0.40079,600
1041,94967,0.385675,600
1042,71325,0.289661,600
1043,114707,0.465842,600
1044,48306,0.196178,600
1045,87984,0.357316,600
1046,87305,0.354558,600
1047,68147,0.276755,600
1048,109766,0.445776,600
1049,43638,0.17722,600
1050,0,0,600
1051,102230,0.415171,600
1052,96587,0.392254,600
1053,110532,0.448886,600
1054,63331,0.257196,600
1055,0,0,600
1056,0,0,600
1057,0,0,600
1058,0,0,600
1059,0,0,600
1060,122433,0.497218,600
1061,0,0,600
1062,92995,0.377666,600
1063,102207,0.415077,600
1064,59929,0.24338,600
1065,110947,0.450572,600
1066,78105,0.317196,600
1067,0,0,600
1068,103326,0.419622,600
1069,50988,0.20707,600
1070,87311,0.354583,600
1071,76803,0.311908,600
1072,0,0,600
1073,0,0,600
1074,43236,0.175588,600
1075,96988,0.393882,600
1076,81954,0.332827,600
1077,87382,0.354871,600
1078,111830,0.454158,600
1079,44479,0.180636,600
1080,95679,0.388566,600
1081,84139,0.341701,600
1082,97164,0.394597,600
1083,106254,0.431513,600
1084,55798,0.226604,600
1085,127229,0.516695,600
1086,105207,0.427261,600
1087,105731,0.429389,600
1088,118560,0.481489,600
1089,64191,0.260689,600
1090,0,0,600
1091,85783,0.348377,600
1092,0,0,600
1093,91230,0.370498,600
1094,51917,0.210842,600
1095,0,0,600
1096,0,0,600
1097,0,0,600
1098,0,0,600
1099,0,0,600
1100,59848,0.243051,600
1101,0,0,600
1102,64478,0.261854,600
1103,66671,0.270761,600
1104,33563,0.136304,600
1105,63583,0.25822,600
1106,50804,0.206322,600
1107,0,0,600
1108,50400,0.204682,600
1109,24118,0.0979467,600
1110,0,0,600
1111,50571,0.205376,600
1112,53114,0.215704,600
1113,0,0,600
1114,19329,0.0784979,600
1115,0,0,600
1116,0,0,600
1117,0,0,600
1118,0,0,600
1119,0,0,600
1120,0,0,600
1121,0,0,600
1122,22297,0.0905513,600
1123,27811,0.112944,600
1124,10557,0.0428735,600
1125,0,0,600
1126,0,0,600
1127,0,0,600
1128,0,0,600
1129,0,0,600
1130,33475,0.135947,600
1131,0,0,600
1132,37440,0.152049,600
1133,31431,0.127646,600
1134,17614,0.071533,600
1135,57632,0.234052,600
1136,60304,0.244903,600
1137,69111,0.28067,600
1138,61817,0.251048,600
1139,38106,0.154754,600
1140,0,0,600
1141,76478,0.310588,600
1142,86858,0.352743,600
1143,95115,0.386276,600
1144,51222,0.20802,600
1145,0,0,600
1146,0,0,600
1147,0,0,600
1148,0,0,600
1149,0,0,600
1150,82465,0.334902,600
1151,0,0,600
1152,0,0,600
1153,0,0,600
1154,54620,0.22182,600
1155,111297,0.451993,600
1156,127007,0.515794,600
1157,128409,0.521488,600
1158,122367,0.49695,600
1159,60675,0.24641,600
1160,112500,0.456879,600
1161,107792,0.437759,600
1162,78884,0.320359,600
1163,131407,0.533663,600
1164,45613,0.185241,600
1165,113057,0.459141,600
1166,94882,0.38533,600
1167,88179,0.358108,600
1168,0,0,600
1169,53420,0.216946,600
1170,111222,0.451689,600
1171,94101,0.382158,600
1172,85606,0.347658,600
1173,0,0,600
1174,48806,0.198208,600
1175,150801,0.612425,600
1176,126417,0.513398,600
1177,95056,0.386036,600
1178,165967,0.674016,600
1179,68093,0.276536,600
1180,140285,0.569718,600
1181,91019,0.369641,600
1182,74379,0.302064,600
1183,142985,0.580683,600
1184,40508,0.164509,600
1185,132798,0.539312,600
1186,71037,0.288492,600
1187,93551,0.379924,600
1188,119779,0.48644,600
1189,43882,0.178211,600
1190,111368,0.452282,600
1191,60106,0.244099,600
1192,75693,0.3074,600
1193,86692,0.352069,600
1194,34692,0.140889,600
1195,130865,0.531462,600
1196,49919,0.202728,600
1197,77392,0.3143,600
1198,98337,0.399361,600
1199,26500,0.10762,600
1200,124621,0.506104,600
1201,62055,0.252014,600
1202,0,0,600
1203,107854,0.438011,600
1204,37072,0.150555,600
1205,101917,0.4139,600
1206,55182,0.224102,600
1207,74478,0.302466,600
1208,97044,0.39411,600
1209,30298,0.123045,600
1210,117866,0.478671,600
1211,66394,0.269636,600
1212,94906,0.385427,600
1213,96388,0.391446,600
1214,38468,0.156224,600
1215,113061,0.459157,600
1216,57709,0.234365,600
1217,76047,0.308838,600
1218,0,0,600
1219,33104,0.13444,600
1220,0,0,600
1221,77685,0.31549,600
1222,118481,0.481168,600
1223,133079,0.540453,600
1224,47864,0.194383,600
1225,0,0,600
1226,0,0,600
1227,0,0,600
1228,0,0,600
1229,0,0,600
1230,0,0,600
1231,0,0,600
1232,0,0,600
1233,0,0,600
1234,0,0,600
1235,129635,0.526466,600
1236,0,0,600
1237,118168,0.479897,600
1238,140433,0.570319,600
1239,67100,0.272503,600
1240,109520,0.444777,600
1241,113018,0.458982,600
1242,0,0,600
1243,122351,0.496885,600
1244,65586,0.266354,600
1245,0,0,600
1246,125090,0.508009,600
1247,118006,0.479239,600
1248,133382,0.541684,600
1249,65894,0.267605,600
1250,0,0,600
1251,0,0,600
1252,0,0,600
1253,0,0,600
1254,0,0,600
1255,18531,0.0752571,600
1256,0,0,600
1257,17677,0.0717889,600
1258,0,0,600
1259,7178,0.0291509,600
1260,0,0,600
1261,34640,0.140678,600
1262,40634,0.165021,600
1263,45357,0.184201,600
1264,20330,0.0825631,600
1265,0,0,600
1266,0,0,600
1267,0,0,600
1268,0,0,600
1269,0,0,600
1270,38090,0.154689,600
1271,0,0,600
1272,39447,0.1602,600
1273,36412,0.147874,600
1274,16294,0.0661723,600
1275,0,0,600
1276,21137,0.0858404,600
1277,27302,0.110877,600
1278,0,0,600
1279,8686,0.0352751,600
1280,31482,0.127853,600
1281,0,0,600
1282,29164,0.118439,600
1283,31932,0.12968,600
1284,14505,0.0589069,600
1285,45238,0.183718,600
1286,43246,0.175628,600
1287,43863,0.178134,600
1288,0,0,600
1289,22443,0.0911443,600
1290,60667,0.246377,600
1291,60283,0.244818,600
1292,0,0,600
1293,60365,0.245151,600
1294,36028,0.146315,600
1295,90939,0.369316,600
1296,106846,0.433917,600
1297,104634,0.424934,600
1298,105681,0.429186,600
1299,56132,0.22796,600
1300,116854,0.474561,600
1301,112217,0.455729,600
1302,0,0,600
1303,142060,0.576926,600
1304,68546,0.278375,600
1305,0,0,600
1306,163166,0.662641,600
1307,116718,0.474009,600
1308,0,0,600
1309,70054,0.284499,600
1310,0,0,600
1311,0,0,600
1312,0,0,600
1313,0,0,600
1314,0,0,600
1315,112645,0.457468,600
1316,0,0,600
1317,135233,0.549201,600
1318,131867,0.535531,600
1319,64258,0.260961,600
1320,110546,0.448943,600
1321,117850,0.478606,600
1322,93513,0.37977,600
1323,138420,0.562144,600
1324,54641,0.221905,600
1325,118534,0.481384,600
1326,119038,0.483431,600
1327,108780,0.441771,600
1328,131952,0.535876,600
1329,70196,0.285076,600
1330,99717,0.404965,600
1331,125169,0.508329,600
1332,102643,0.416848,600
1333,128056,0.520054,600
1334,67398,0.273713,600
1335,174460,0.708507,600
1336,140526,0.570696,600
1337,98135,0.39854,600
1338,151247,0.614236,600
1339,66760,0.271122,600
1340,148386,0.602617,600
1341,96387,0.391442,600
1342,105760,0.429507,600
1343,125551,0.509881,600
1344,57017,0.231554,600
1345,139657,0.567167,600
1346,102830,0.417607,600
1347,129185,0.524639,600
1348,117190,0.475926,600
1349,73498,0.298486,600
1350,94411,0.383417,600
1351,90135,0.366051,600
1352,96636,0.392453,600
1353,88726,0.360329,600
1354,54162,0.21996,600
1355,0,0,600
1356,114239,0.463941,600
1357,116597,0.473517,600
1358,116238,0.472059,600
1359,67671,0.274822,600
1360,0,0,600
1361,0,0,600
1362,0,0,600
1363,0,0,600
1364,0,0,600
1365,106246,0.43148,600
1366,0,0,600
1367,0,0,600
1368,92892,0.377248,600
1369,72235,0.293357,600
1370,114673,0.465704,600
1371,137396,0.557985,600
1372,140856,0.572037,600
1373,99295,0.403251,600
1374,64568,0.26222,600
1375,102876,0.417794,600
1376,114155,0.4636,600
1377,0,0,600
1378,105842,0.42984,600
1379,67503,0.274139,600
1380,106045,0.430664,600
1381,116104,0.471515,600
1382,115232,0.467974,600
1383,87933,0.357109,600
1384,43090,0.174995,600
1385,133504,0.542179,600
1386,118952,0.483081,600
1387,103562,0.42058,600
1388,0,0,600
1389,73054,0.296683,600
1390,114032,0.4631,600
1391,107102,0.434957,600
1392,107059,0.434782,600
1393,0,0,600
1394,58969,0.239482,600
1395,0,0,600
1396,142495,0.578693,600
1397,118688,0.482009,600
1398,175095,0.711086,600
1399,76573,0.310974,600
1400,0,0,600
1401,0,0,600
1402,0,0,600
1403,0,0,600
1404,0,0,600
1405,0,0,600
1406,0,0,600
1407,117518,0.477258,600
1408,152079,0.617615,600
1409,69169,0.280905,600
1410,0,0,600
1411,0,0,600
1412,0,0,600
1413,0,0,600
1414,0,0,600
1415,24859,0.100956,600
1416,0,0,600
1417,0,0,600
1418,23679,0.0961638,600
1419,11168,0.0453549,600
1420,46797,0.190049,600
1421,38516,0.156419,600
1422,0,0,600
1423,41445,0.168314,600
1424,20811,0.0845165,600
1425,39942,0.16221,600
1426,50519,0.205165,600
1427,47133,0.191414,600
1428,0,0,600
1429,23269,0.0944988,600
1430,30949,0.125688,600
1431,34625,0.140617,600
1432,34185,0.13883,600
1433,32500,0.131987,600
1434,17118,0.0695187,600
1435,0,0,600
1436,20009,0.0812594,600
1437,30473,0.123755,600
1438,20028,0.0813366,600
1439,9766,0.0396611,600
1440,34506,0.140134,600
1441,0,0,600
1442,0,0,600
1443,42192,0.171348,600
1444,18317,0.074388,600
1445,0,0,600
1446,55049,0.223562,600
1447,56173,0.228127,600
1448,52098,0.211578,600
1449,28265,0.114788,600
1450,0,0,600
1451,0,0,600
1452,0,0,600
1453,0,0,600
1454,0,0,600
1455,0,0,600
1456,0,0,600
1457,109394,0.444265,600
1458,127412,0.517439,600
1459,58828,0.238909,600
1460,0,0,600
1461,0,0,600
1462,0,0,600
1463,0,0,600
1464,0,0,600
1465,120737,0.49033,600
1466,0,0,600
1467,112121,0.45534,600
1468,168631,0.684835,600
1469,70207,0.285121,600
1470,130835,0.53134,600
1471,160752,0.652837,600
1472,114696,0.465797,600
1473,0,0,600
1474,80061,0.325139,600
1475,102878,0.417802,600
1476,128949,0.523681,600
1477,121047,0.491589,600
1478,116153,0.471714,600
1479,51008,0.207151,600
1480,117083,0.475491,600
1481,111800,0.454036,600
1482,92368,0.37512,600
1483,146534,0.595096,600
1484,57775,0.234633,600
1485,130548,0.530174,600
1486,128198,0.520631,600
1487,103502,0.420337,600
1488,143394,0.582344,600
1489,75401,0.306214,600
1490,106196,0.431277,600
1491,147625,0.599526,600
1492,121549,0.493628,600
1493,154357,0.626866,600
1494,82407,0.334667,600
1495,170894,0.694025,600
1496,143697,0.583574,600
1497,91461,0.371436,600
1498,166162,0.674808,600
1499,50997,0.207106,600
1500,206644,0.839211,600
1501,117882,0.478736,600
1502,0,0,600
1503,177769,0.721946,600
1504,102009,0.414273,600
1505,159613,0.648211,600
1506,118320,0.480515,600
1507,177265,0.719899,600
1508,155376,0.631004,600
1509,77822,0.316046,600
1510,124604,0.506035,600
1511,111900,0.454442,600
1512,0,0,600
1513,140401,0.570189,600
1514,82712,0.335905,600
1515,123323,0.500833,600
1516,103252,0.419321,600
1517,92331,0.37497,600
1518,128955,0.523705,600
1519,51280,0.208255,600
1520,0,0,600
1521,115402,0.468664,600
1522,119457,0.485132,600
1523,0,0,600
1524,74815,0.303835,600
1525,0,0,600
1526,0,0,600
1527,0,0,600
1528,0,0,600
1529,0,0,600
1530,0,0,600
1531,0,0,600
1532,123626,0.502063,600
1533,119562,0.485559,600
1534,63340,0.257233,600
1535,0,0,600
1536,0,0,600
1537,0,0,600
1538,0,0,600
1539,0,0,600
1540,108299,0.439818,600
1541,0,0,600
1542,101627,0.412722,600
1543,90051,0.36571,600
1544,49349,0.200413,600
1545,122282,0.496605,600
1546,82667,0.335723,600
1547,107397,0.436155,600
1548,105549,0.42865,600
1549,43140,0.175198,600
1550,127530,0.517918,600
1551,102636,0.41682,600
1552,0,0,600
1553,119565,0.485571,600
1554,63532,0.258013,600
1555,124402,0.505215,600
1556,104007,0.422387,600
1557,111789,0.453991,600
1558,134610,0.546671,600
1559,47082,0.191207,600
1560,113900,0.462564,600
1561,99059,0.402293,600
1562,122603,0.497909,600
1563,0,0,600
1564,57758,0.234564,600
1565,175019,0.710777,600
1566,129912,0.527591,600
1567,125117,0.508118,600
1568,171380,0.695999,600
1569,74887,0.304127,600
1570,0,0,600
1571,117743,0.478171,600
1572,0,0,600
1573,0,0,600
1574,92032,0.373755,600
1575,0,0,600
1576,0,0,600
1577,0,0,600
1578,0,0,600
1579,0,0,600
1580,0,0,600
1581,0,0,600
1582,0,0,600
1583,0,0,600
1584,0,0,600
1585,45261,0.183811,600
1586,0,0,600
1587,57734,0.234466,600
1588,52007,0.211208,600
1589,28503,0.115755,600
1590,23453,0.095246,600
1591,28797,0.116949,600
1592,28357,0.115162,600
1593,23724,0.0963466,600
1594,10806,0.0438847,600
1595,0,0,600
1596,29615,0.120271,600
1597,40401,0.164074,600
1598,31179,0.126622,600
1599,16104,0.0654007,600
1600,0,0,600
1601,0,0,600
1602,0,0,600
1603,0,0,600
1604,0,0,600
1605,0,0,600
1606,0,0,600
1607,73946,0.300305,600
1608,83393,0.338671,600
1609,40472,0.164363,600
1610,0,0,600
1611,0,0,600
1612,0,0,600
1613,0,0,600
1614,0,0,600
1615,116019,0.47117,600
1616,0,0,600
1617,106883,0.434067,600
1618,144746,0.587834,600
1619,62883,0.255377,600
1620,101729,0.413136,600
1621,113463,0.46079,600
1622,97052,0.394142,600
1623,0,0,600
1624,55936,0.227164,600
1625,100826,0.409469,600
1626,127991,0.51979,600
1627,98364,0.39947,600
1628,129352,0.525317,600
1629,55743,0.22638,600
1630,109472,0.444582,600
1631,134763,0.547292,600
1632,95095,0.386195,600
1633,126299,0.512919,600
1634,53009,0.215277,600
1635,96647,0.392497,600
1636,102866,0.417754,600
1637,116330,0.472433,600
1638,97438,0.39571,600
1639,45234,0.183702,600
1640,89494,0.363448,600
1641,88612,0.359866,600
1642,85955,0.349076,600
1643,131662,0.534698,600
1644,44964,0.182605,600
1645,126964,0.515619,600
1646,143214,0.581613,600
1647,106018,0.430554,600
1648,152977,0.621262,600
1649,63888,0.259458,600
1650,115117,0.467507,600
1651,174863,0.710144,600
1652,133857,0.543613,600
1653,190321,0.772921,600
1654,96120,0.390357,600
1655,0,0,600
1656,179900,0.7306,600
1657,124690,0.506384,600
1658,196405,0.797629,600
1659,64006,0.259938,600
1660,0,0,600
1661,0,0,600
1662,0,0,600
1663,0,0,600
1664,0,0,600
1665,0,0,600
1666,0,0,600
1667,150841,0.612587,600
1668,107128,0.435062,600
1669,71764,0.291444,600
1670,0,0,600
1671,0,0,600
1672,0,0,600
1673,0,0,600
1674,0,0,600
1675,99709,0.404933,600
1676,0,0,600
1677,98058,0.398228,600
1678,126955,0.515583,600
1679,54194,0.22009,600
1680,115700,0.469874,600
1681,135944,0.552088,600
1682,103786,0.42149,600
1683,122336,0.496824,600
1684,68414,0.277839,600
1685,105294,0.427614,600
1686,111729,0.453748,600
1687,110080,0.447051,600
1688,0,0,600
1689,53977,0.219208,600
1690,105590,0.428816,600
1691,125211,0.5085,600
1692,0,0,600
1693,108942,0.442429,600
1694,52491,0.213174,600
1695,137166,0.557051,600
1696,137636,0.55896,600
1697,122123,0.495959,600
1698,0,0,600
1699,73187,0.297223,600
1700,123700,0.502364,600
1701,144034,0.584943,600
1702,0,0,600
1703,130629,0.530503,600
1704,74644,0.30314,600
1705,0,0,600
1706,161118,0.654323,600
1707,158139,0.642225,600
1708,159860,0.649215,600
1709,87386,0.354887,600
1710,0,0,600
1711,0,0,600
1712,0,0,600
1713,0,0,600
1714,0,0,600
1715,119813,0.486578,600
1716,0,0,600
1717,141109,0.573064,600
1718,144324,0.586121,600
1719,75561,0.306864,600
1720,104442,0.424154,600
1721,102332,0.415585,600
1722,108058,0.438839,600
1723,102195,0.415029,600
1724,43376,0.176156,600
1725,0,0,600
1726,134815,0.547503,600
1727,134848,0.547637,600
1728,186071,0.755661,600
1729,85333,0.34655,600
1730,0,0,600
1731,0,0,600
1732,0,0,600
1733,0,0,600
1734,0,0,600
1735,159295,0.64692,600
1736,0,0,600
1737,129984,0.527884,600
1738,0,0,600
1739,88965,0.3613,600
1740,102042,0.414407,600
1741,97755,0.396997,600
1742,98567,0.400295,600
1743,0,0,600
1744,51652,0.209766,600
1745,69703,0.283074,600
1746,77568,0.315015,600
1747,72472,0.294319,600
1748,70422,0.285994,600
1749,35845,0.145572,600
1750,46894,0.190443,600
1751,50882,0.206639,600
1752,0,0,600
1753,46758,0.189891,600
1754,28261,0.114772,600
1755,0,0,600
1756,36349,0.147619,600
1757,45324,0.184067,600
1758,36994,0.150238,600
1759,18561,0.0753789,600
1760,87296,0.354522,600
1761,0,0,600
1762,86819,0.352585,600
1763,0,0,600
1764,54374,0.220821,600
1765,82956,0.336896,600
1766,88017,0.35745,600
1767,79831,0.324205,600
1768,103766,0.421409,600
1769,43878,0.178195,600
1770,108881,0.442181,600
1771,121391,0.492986,600
1772,0,0,600
1773,0,0,600
1774,68055,0.276381,600
1775,105246,0.427419,600
1776,149153,0.605732,600
1777,110963,0.450637,600
1778,138233,0.561384,600
1779,64387,0.261485,600
1780,105205,0.427253,600
1781,119359,0.484734,600
1782,107408,0.436199,600
1783,126809,0.51499,600
1784,65551,0.266212,600
1785,108208,0.439448,600
1786,144571,0.587124,600
1787,102112,0.414692,600
1788,136194,0.553104,600
1789,66746,0.271065,600
1790,112591,0.457248,600
1791,152046,0.617481,600
1792,95821,0.389143,600
1793,157640,0.640199,600
1794,69559,0.282489,600
1795,116749,0.474135,600
1796,112751,0.457898,600
1797,145321,0.59017,600
1798,102962,0.418144,600
1799,52831,0.214554,600
1800,121850,0.49485,600
1801,142644,0.579298,600
1802,0,0,600
1803,161877,0.657406,600
1804,94394,0.383348,600
1805,132672,0.5388,600
1806,161231,0.654782,600
1807,103898,0.421945,600
1808,171478,0.696397,600
1809,61003,0.247742,600
1810,152457,0.61915,600
1811,198438,0.805885,600
1812,0,0,600
1813,216248,0.878214,600
1814,112437,0.456623,600
1815,0,0,600
1816,225490,0.915747,600
1817,110710,0.449609,600
1818,236675,0.961171,600
1819,90021,0.365588,600
1820,0,0,600
1821,0,0,600
1822,0,0,600
1823,0,0,600
1824,0,0,600
1825,120378,0.488872,600
1826,0,0,600
1827,0,0,600
1828,102824,0.417583,600
1829,62752,0.254845,600
1830,136283,0.553465,600
1831,141931,0.576402,600
1832,151804,0.616498,600
1833,0,0,600
1834,77026,0.312814,600
1835,95936,0.38961,600
1836,115350,0.468453,600
1837,0,0,600
1838,135375,0.549777,600
1839,62827,0.25515,600
1840,99332,0.403402,600
1841,128209,0.520675,600
1842,95676,0.388554,600
1843,114294,0.464164,600
1844,56296,0.228626,600
1845,0,0,600
1846,117663,0.477846,600
1847,97276,0.395052,600
1848,116281,0.472234,600
1849,61751,0.25078,600
1850,0,0,600
1851,0,0,600
1852,0,0,600
1853,0,0,600
1854,0,0,600
1855,0,0,600
1856,0,0,600
1857,120804,0.490603,600
1858,171481,0.696409,600
1859,90884,0.369093,600
1860,0,0,600
1861,0,0,600
1862,0,0,600
1863,0,0,600
1864,0,0,600
1865,0,0,600
1866,0,0,600
1867,132339,0.537448,600
1868,186111,0.755824,600
1869,88758,0.360459,600
1870,0,0,600
1871,0,0,600
1872,0,0,600
1873,0,0,600
1874,0,0,600
1875,126231,0.512642,600
1876,0,0,600
1877,129647,0.526515,600
1878,156455,0.635386,600
1879,82452,0.334849,600
1880,115669,0.469749,600
1881,130820,0.531279,600
1882,131025,0.532111,600
1883,128125,0.520334,600
1884,63344,0.257249,600
1885,146534,0.595096,600
1886,125536,0.50982,600
1887,122566,0.497758,600
1888,161352,0.655274,600
1889,55980,0.227343,600
1890,203575,0.826748,600
1891,165707,0.67296,600
1892,0,0,600
1893,0,0,600
1894,87123,0.353819,600
1895,174532,0.7088,600
1896,175194,0.711488,600
1897,188332,0.764843,600
1898,180164,0.731672,600
1899,80437,0.326666,600
1900,156402,0.635171,600
1901,125202,0.508463,600
1902,146784,0.596111,600
1903,152795,0.620523,600
1904,86725,0.352203,600
1905,0,0,600
1906,95328,0.387141,600
1907,105804,0.429685,600
1908,114084,0.463312,600
1909,63883,0.259438,600
1910,0,0,600
1911,0,0,600
1912,0,0,600
1913,0,0,600
1914,0,0,600
1915,0,0,600
1916,0,0,600
1917,41114,0.16697,600
1918,34201,0.138895,600
1919,14059,0.0570956,600
1920,133540,0.542325,600
1921,0,0,600
1922,114651,0.465614,600
1923,116214,0.471962,600
1924,62254,0.252822,600
1925,0,0,600
1926,88955,0.361259,600
1927,0,0,600
1928,98136,0.398544,600
1929,48162,0.195593,600
1930,0,0,600
1931,0,0,600
1932,0,0,600
1933,0,0,600
1934,0,0,600
1935,104585,0.424735,600
1936,0,0,600
1937,130134,0.528493,600
1938,153698,0.62419,600
1939,67472,0.274014,600
1940,103065,0.418562,600
1941,138674,0.563175,600
1942,138605,0.562895,600
1943,144122,0.5853,600
1944,68685,0.27894,600
1945,90671,0.368228,600
1946,163039,0.662125,600
1947,130025,0.52805,600
1948,147392,0.59858,600
1949,59560,0.241882,600
1950,97632,0.396498,600
1951,167347,0.67962,600
1952,95299,0.387023,600
1953,151014,0.61329,600
1954,48318,0.196226,600
1955,0,0,600
1956,125391,0.509231,600
1957,144101,0.585215,600
1958,132396,0.537679,600
1959,71236,0.2893,600
1960,0,0,600
1961,0,0,600
1962,0,0,600
1963,0,0,600
1964,0,0,600
1965,0,0,600
1966,0,0,600
1967,129805,0.527157,600
1968,226392,0.919411,600
1969,103223,0.419204,600
1970,0,0,600
1971,0,0,600
1972,0,0,600
1973,0,0,600
1974,0,0,600
1975,0,0,600
1976,0,0,600
1977,110242,0.447709,600
1978,246236,1,600
1979,92680,0.376387,600
1980,0,0,600
1981,0,0,600
1982,0,0,600
1983,0,0,600
1984,0,0,600
1985,0,0,600
1986,0,0,600
1987,0,0,600
1988,0,0,600
1989,0,0,600
1990,0,0,600
1991,0,0,600
1992,120120,0.487825,600
1993,161087,0.654198,600
1994,80902,0.328555,600
1995,0,0,600
1996,0,0,600
1997,0,0,600
1998,0,0,600
1999,0,0,600
2000,115023,0.467125,600
2001,0,0,600
2002,127142,0.516342,600
2003,171777,0.697611,600
2004,91319,0.37086,600
2005,42718,0.173484,600
2006,76155,0.309276,600
2007,130633,0.53052,600
2008,96889,0.39348,600
2009,24759,0.10055,600
2010,73948,0.300314,600
2011,134896,0.547832,600
2012,0,0,600
2013,0,0,600
2014,43758,0.177708,600
2015,70643,0.286891,600
2016,161341,0.655229,600
2017,119835,0.486667,600
2018,137612,0.558862,600
2019,41929,0.17028,600
2020,87376,0.354847,600
2021,159127,0.646238,600
2022,0,0,600
2023,0,0,600
2024,53008,0.215273,600
2025,81671,0.331678,600
2026,168115,0.682739,600
2027,134180,0.544924,600
2028,121837,0.494798,600
2029,40399,0.164066,600
2030,89320,0.362741,600
2031,151189,0.614,600
2032,110804,0.449991,600
2033,0,0,600
2034,52814,0.214485,600
2035,74628,0.303075,600
2036,151460,0.615101,600
2037,103034,0.418436,600
2038,108553,0.440849,600
2039,40855,0.165918,600
2040,102037,0.414387,600
2041,141196,0.573417,600
2042,99231,0.402991,600
2043,101187,0.410935,600
2044,43516,0.176725,600
2045,0,0,600
2046,127041,0.515932,600
2047,133325,0.541452,600
2048,136204,0.553144,600
2049,78172,0.317468,600
2050,0,0,600
2051,0,0,600
2052,0,0,600
2053,0,0,600
2054,0,0,600
2055,145299,0.59008,600
2056,0,0,600
2057,153157,0.621993,600
2058,121248,0.492406,600
2059,86142,0.349835,600
2060,100502,0.408153,600
2061,93189,0.378454,600
2062,95215,0.386682,600
2063,88720,0.360305,600
2064,52014,0.211236,600
2065,107780,0.43771,600
2066,85049,0.345396,600
2067,97052,0.394142,600
2068,96773,0.393009,600
2069,54480,0.221251,600
2070,59735,0.242592,600
2071,64263,0.260981,600
2072,0,0,600
2073,0,0,600
2074,34564,0.140369,600
2075,0,0,600
2076,42976,0.174532,600
2077,52648,0.213811,600
2078,47893,0.1945,600
2079,24249,0.0984787,600
2080,0,0,600
2081,0,0,600
2082,123827,0.502879,600
2083,158238,0.642627,600
2084,71196,0.289137,600
2085,0,0,600
2086,0,0,600
2087,0,0,600
2088,0,0,600
2089,0,0,600
2090,167881,0.681789,600
2091,0,0,600
2092,151660,0.615913,600
2093,0,0,600
2094,80469,0.326796,600
2095,122482,0.497417,600
2096,155544,0.631687,600
2097,0,0,600
2098,165911,0.673789,600
2099,74090,0.30089,600
2100,151595,0.615649,600
2101,174208,0.707484,600
2102,0,0,600
2103,181726,0.738016,600
2104,98948,0.401842,600
2105,147746,0.600018,600
2106,239446,0.972425,600
2107,0,0,600
2108,221520,0.899625,600
2109,124790,0.50679,600
2110,111966,0.45471,600
2111,230232,0.935005,600
2112,175642,0.713308,600
2113,222152,0.902191,600
2114,91880,0.373138,600
2115,72094,0.292784,600
2116,124465,0.50547,600
2117,162163,0.658567,600
2118,86801,0.352511,600
2119,26183,0.106333,600
2120,109961,0.446568,600
2121,155260,0.630533,600
2122,156485,0.635508,600
2123,0,0,600
2124,74046,0.300712,600
2125,85383,0.346753,600
2126,164840,0.669439,600
2127,126810,0.514994,600
2128,178109,0.723326,600
2129,47285,0.192031,600
2130,91974,0.37352,600
2131,194901,0.791521,600
2132,152161,0.617948,600
2133,0,0,600
2134,69140,0.280788,600
2135,72376,0.293929,600
2136,165446,0.6719,600
2137,76183,0.30939,600
2138,175142,0.711277,600
2139,25926,0.105289,600
2140,92980,0.377605,600
2141,127248,0.516773,600
2142,143090,0.581109,600
2143,0,0,600
2144,55221,0.22426,600
2145,101171,0.41087,600
2146,172242,0.6995,600
2147,0,0,600
2148,0,0,600
2149,57601,0.233926,600
2150,64567,0.262216,600
2151,151919,0.616965,600
2152,116813,0.474394,600
2153,89486,0.363416,600
2154,29073,0.11807,600
2155,70115,0.284747,600
2156,127679,0.518523,600
2157,102792,0.417453,600
2158,0,0,600
2159,44238,0.179657,600
2160,64342,0.261302,600
2161,141329,0.573958,600
2162,92252,0.374649,600
2163,121494,0.493405,600
2164,33019,0.134095,600
2165,0,0,600
2166,132987,0.540079,600
2167,100575,0.40845,600
2168,64704,0.262772,600
2169,37345,0.151663,600
2170,0,0,600
2171,0,0,600
2172,0,0,600
2173,0,0,600
2174,0,0,600
2175,0,0,600
2176,0,0,600
2177,147907,0.600672,600
2178,129826,0.527242,600
2179,93904,0.381358,600
2180,0,0,600
2181,0,0,600
2182,0,0,600
2183,0,0,600
2184,0,0,600
2185,156432,0.635293,600
2186,0,0,600
2187,148625,0.603588,600
2188,131271,0.533111,600
2189,95089,0.38617,600
2190,127290,0.516943,600
2191,117540,0.477347,600
2192,130294,0.529143,600
2193,109460,0.444533,600
2194,65384,0.265534,600
2195,133846,0.543568,600
2196,145140,0.589435,600
2197,0,0,600
2198,118706,0.482082,600
2199,81049,0.329152,600
2200,122060,0.495703,600
2201,121206,0.492235,600
2202,117656,0.477818,600
2203,121992,0.495427,600
2204,54196,0.220098,600
2205,0,0,600
2206,119468,0.485177,600
2207,128726,0.522775,600
2208,144253,0.585832,600
2209,68681,0.278923,600
2210,0,0,600
2211,0,0,600
2212,0,0,600
2213,0,0,600
2214,0,0,600
2215,113530,0.461062,600
2216,0,0,600
2217,113417,0.460603,600
2218,102138,0.414797,600
2219,66480,0.269985,600
2220,110945,0.450564,600
2221,98488,0.399974,600
2222,97746,0.396961,600
2223,95603,0.388258,600
2224,59873,0.243153,600
2225,0,0,600
2226,87140,0.353888,600
2227,89378,0.362977,600
2228,98746,0.401022,600
2229,52282,0.212325,600
2230,0,0,600
2231,0,0,600
2232,0,0,600
2233,0,0,600
2234,0,0,600
2235,0,0,600
2236,0,0,600
2237,44210,0.179543,600
2238,34797,0.141316,600
2239,15568,0.0632239,600
2240,114115,0.463438,600
2241,0,0,600
2242,120717,0.490249,600
2243,161835,0.657235,600
2244,67300,0.273315,600
2245,131581,0.534369,600
2246,159654,0.648378,600
2247,118661,0.481899,600
2248,0,0,600
2249,67600,0.274533,600
2250,0,0,600
2251,186213,0.756238,600
2252,149617,0.607616,600
2253,175975,0.71466,600
2254,84035,0.341278,600
2255,0,0,600
2256,0,0,600
2257,0,0,600
2258,0,0,600
2259,0,0,600
2260,0,0,600
2261,0,0,600
2262,0,0,600
2263,0,0,600
2264,0,0,600
2265,0,0,600
2266,0,0,600
2267,0,0,600
2268,0,0,600
2269,0,0,600
2270,104895,0.425994,600
2271,0,0,600
2272,172388,0.700093,600
2273,193932,0.787586,600
2274,81153,0.329574,600
2275,126036,0.51185,600
2276,133542,0.542333,600
2277,175845,0.714132,600
2278,56686,0.23021,600
2279,32434,0.131719,600
2280,164400,0.667652,600
2281,117581,0.477513,600
2282,0,0,600
2283,126069,0.511984,600
2284,90965,0.369422,600
2285,120035,0.487479,600
2286,128417,0.52152,600
2287,157870,0.641133,600
2288,109660,0.445345,600
2289,71764,0.291444,600
2290,102892,0.417859,600
2291,137420,0.558082,600
2292,128095,0.520212,600
2293,115700,0.469874,600
2294,72276,0.293523,600
2295,110768,0.449845,600
2296,121267,0.492483,600
2297,72825,0.295753,600
2298,129478,0.525829,600
2299,46414,0.188494,600
2300,0,0,600
2301,113452,0.460745,600
2302,160661,0.652468,600
2303,115239,0.468002,600
2304,81452,0.330788,600
2305,0,0,600
2306,0,0,600
2307,0,0,600
2308,0,0,600
2309,0,0,600
2310,160187,0.650543,600
2311,0,0,600
2312,160532,0.651944,600
2313,103245,0.419293,600
2314,73933,0.300253,600
2315,133194,0.54092,600
2316,116206,0.471929,600
2317,0,0,600
2318,103401,0.419926,600
2319,69550,0.282453,600
2320,136756,0.555386,600
2321,117885,0.478748,600
2322,143496,0.582758,600
2323,109493,0.444667,600
2324,67937,0.275902,600
2325,157473,0.639521,600
2326,125795,0.510872,600
2327,0,0,600
2328,115949,0.470886,600
2329,76679,0.311405,600
2330,132289,0.537245,600
2331,135671,0.55098,600
2332,149156,0.605744,600
2333,0,0,600
2334,74229,0.301455,600
2335,155575,0.631813,600
2336,127014,0.515822,600
2337,151545,0.615446,600
2338,139588,0.566887,600
2339,65333,0.265327,600
2340,149639,0.607706,600
2341,146643,0.595538,600
2342,0,0,600
2343,0,0,600
2344,79757,0.323905,600
2345,125498,0.509666,600
2346,128365,0.521309,600
2347,138466,0.56233,600
2348,115618,0.469541,600
2349,57667,0.234194,600
2350,0,0,600
2351,119582,0.48564,600
2352,134323,0.545505,600
2353,133494,0.542138,600
2354,75661,0.30727,600
2355,0,0,600
2356,0,0,600
2357,0,0,600
2358,0,0,600
2359,0,0,600
2360,110610,0.449203,600
2361,0,0,600
2362,134855,0.547666,600
2363,136175,0.553026,600
2364,65312,0.265241,600
2365,100207,0.406955,600
2366,119038,0.483431,600
2367,106628,0.433032,600
2368,110746,0.449756,600
2369,38881,0.157901,600
2370,123260,0.500577,600
2371,128194,0.520614,600
2372,86061,0.349506,600
2373,0,0,600
2374,55358,0.224817,600
2375,95091,0.386178,600
2376,96121,0.390361,600
2377,86907,0.352942,600
2378,98967,0.401919,600
2379,46662,0.189501,600
2380,97039,0.394089,600
2381,88175,0.358091,600
2382,86535,0.351431,600
2383,99344,0.40345,600
2384,52778,0.214339,600
2385,84000,0.341136,600
2386,77205,0.313541,600
2387,70076,0.284589,600
2388,84560,0.34341,600
2389,43378,0.176164,600
2390,45571,0.18507,600
2391,51798,0.210359,600
2392,47206,0.19171,600
2393,0,0,600
2394,22241,0.0903239,600
2395,0,0,600
2396,46998,0.190866,600
2397,39736,0.161374,600
2398,39839,0.161792,600
2399,20044,0.0814016,600
2400,128898,0.523473,600
2401,0,0,600
2402,189923,0.771305,600
2403,158859,0.645149,600
2404,97923,0.397679,600
2405,155301,0.6307,600
2406,216587,0.879591,600
2407,232018,0.942259,600
2408,179143,0.727526,600
2409,103101,0.418708,600
2410,159193,0.646506,600
2411,224234,0.910647,600
2412,0,0,600
2413,187771,0.762565,600
2414,85719,0.348117,600
2415,150114,0.609635,600
2416,216454,0.879051,600
2417,187119,0.759917,600
2418,0,0,600
2419,86968,0.35319,600
2420,146343,0.59432,600
2421,186141,0.755946,600
2422,187363,0.760908,600
2423,0,0,600
2424,103196,0.419094,600
2425,172353,0.69995,600
2426,214066,0.869353,600
2427,205459,0.834399,600
2428,0,0,600
2429,91657,0.372232,600
2430,112754,0.45791,600
2431,204479,0.830419,600
2432,0,0,600
2433,175017,0.710769,600
2434,81629,0.331507,600
2435,0,0,600
2436,154824,0.628763,600
2437,189461,0.769429,600
2438,70424,0.286002,600
2439,43555,0.176883,600
2440,0,0,600
2441,0,0,600
2442,0,0,600
2443,0,0,600
2444,0,0,600
2445,125823,0.510985,600
2446,0,0,600
2447,142515,0.578774,600
2448,121762,0.494493,600
2449,79704,0.323689,600
2450,90061,0.365751,600
2451,118319,0.480511,600
2452,109370,0.444167,600
2453,115883,0.470618,600
2454,62192,0.252571,600
2455,102587,0.416621,600
2456,119283,0.484426,600
2457,57575,0.23382,600
2458,139447,0.566314,600
2459,35121,0.142631,600
2460,0,0,600
2461,96750,0.392916,600
2462,152514,0.619381,600
2463,122410,0.497125,600
2464,73989,0.30048,600
2465,0,0,600
2466,0,0,600
2467,0,0,600
2468,0,0,600
2469,0,0,600
2470,0,0,600
2471,0,0,600
2472,156134,0.634083,600
2473,148814,0.604355,600
2474,76368,0.310141,600
2475,0,0,600
2476,0,0,600
2477,0,0,600
2478,0,0,600
2479,0,0,600
2480,0,0,600
2481,0,0,600
2482,154146,0.626009,600
2483,133989,0.544149,600
2484,76484,0.310613,600
2485,0,0,600
2486,0,0,600
2487,0,0,600
2488,0,0,600
2489,0,0,600
2490,119292,0.484462,600
2491,0,0,600
2492,122370,0.496962,600
2493,109118,0.443144,600
2494,59318,0.240899,600
2495,0,0,600
2496,132231,0.537009,600
2497,149615,0.607608,600
2498,133415,0.541818,600
2499,80608,0.327361,600
2500,0,0,600
2501,0,0,600
2502,0,0,600
2503,0,0,600
2504,0,0,600
2505,126063,0.51196,600
2506,0,0,600
2507,149981,0.609095,600
2508,126700,0.514547,600
2509,77693,0.315523,600
2510,116577,0.473436,600
2511,97889,0.397541,600
2512,125503,0.509686,600
2513,111210,0.45164,600
2514,52232,0.212122,600
2515,140389,0.57014,600
2516,138673,0.563171,600
2517,0,0,600
2518,0,0,600
2519,77236,0.313667,600
2520,145801,0.592119,600
2521,168216,0.683149,600
2522,0,0,600
2523,136673,0.555049,600
2524,78245,0.317764,600
2525,144149,0.58541,600
2526,140111,0.569011,600
2527,0,0,600
2528,107491,0.436536,600
2529,70930,0.288057,600
2530,106946,0.434323,600
2531,101461,0.412048,600
2532,92257,0.374669,600
2533,112037,0.454998,600
2534,40599,0.164878,600
2535,107186,0.435298,600
2536,86022,0.349348,600
2537,105906,0.4301,600
2538,101153,0.410797,600
2539,52689,0.213978,600
2540,111685,0.453569,600
2541,87948,0.35717,600
2542,95532,0.387969,600
2543,112569,0.457159,600
2544,57145,0.232074,600
2545,98217,0.398873,600
2546,74122,0.30102,600
2547,75580,0.306941,600
2548,90886,0.369101,600
2549,42687,0.173358,600
2550,85106,0.345628,600
2551,73940,0.300281,600
2552,0,0,600
2553,73981,0.300448,600
2554,45964,0.186666,600
2555,0,0,600
2556,52970,0.215119,600
2557,42725,0.173512,600
2558,48707,0.197806,600
2559,28487,0.11569,600
2560,96272,0.390975,600
2561,0,0,600
2562,126399,0.513325,600
2563,109052,0.442876,600
2564,65632,0.266541,600
2565,0,0,600
2566,191290,0.776856,600
2567,0,0,600
2568,144645,0.587424,600
2569,111072,0.451079,600
2570,0,0,600
2571,0,0,600
2572,0,0,600
2573,0,0,600
2574,0,0,600
2575,114665,0.465671,600
2576,0,0,600
2577,177291,0.720004,600
2578,167382,0.679763,600
2579,70277,0.285405,600
2580,68218,0.277043,600
2581,130553,0.530195,600
2582,123725,0.502465,600
2583,110160,0.447376,600
2584,36399,0.147822,600
2585,0,0,600
2586,147996,0.601033,600
2587,102000,0.414237,600
2588,136568,0.554622,600
2589,54664,0.221998,600
2590,0,0,600
2591,0,0,600
2592,0,0,600
2593,0,0,600
2594,0,0,600
2595,153689,0.624153,600
2596,0,0,600
2597,199363,0.809642,600
2598,80249,0.325903,600
2599,44708,0.181566,600
2600,202629,0.822906,600
2601,141738,0.575619,600
2602,0,0,600
2603,0,0,600
2604,115994,0.471068,600
2605,149294,0.606305,600
2606,161142,0.654421,600
2607,0,0,600
2608,155748,0.632515,600
2609,94928,0.385516,600
2610,122329,0.496796,600
2611,164232,0.66697,600
2612,0,0,600
2613,161782,0.65702,600
2614,102031,0.414363,600
2615,97776,0.397082,600
2616,125790,0.510851,600
2617,53526,0.217377,600
2618,149541,0.607308,600
2619,28821,0.117046,600
2620,170232,0.691337,600
2621,93173,0.378389,600
2622,146252,0.593951,600
2623,121104,0.491821,600
2624,73507,0.298523,600
2625,147716,0.599896,600
2626,126129,0.512228,600
2627,0,0,600
2628,0,0,600
2629,79398,0.322447,600
2630,0,0,600
2631,123619,0.502035,600
2632,172581,0.700876,600
2633,138487,0.562416,600
2634,63083,0.256189,600
2635,0,0,600
2636,0,0,600
2637,0,0,600
2638,0,0,600
2639,0,0,600
2640,145332,0.590214,600
2641,0,0,600
2642,141814,0.575927,600
2643,152438,0.619073,600
2644,74975,0.304484,600
2645,135915,0.55197,600
2646,112316,0.456132,600
2647,118376,0.480742,600
2648,0,0,600
2649,58536,0.237723,600
2650,145922,0.59261,600
2651,134775,0.547341,600
2652,0,0,600
2653,130829,0.531315,600
2654,72074,0.292703,600
2655,0,0,600
2656,135945,0.552092,600
2657,182777,0.742284,600
2658,142271,0.577783,600
2659,86239,0.350229,600
2660,0,0,600
2661,0,0,600
2662,0,0,600
2663,0,0,600
2664,0,0,600
2665,136990,0.556336,600
2666,0,0,600
2667,139190,0.565271,600
2668,134069,0.544474,600
2669,73766,0.299574,600
2670,0,0,600
2671,113690,0.461712,600
2672,129122,0.524383,600
2673,110340,0.448107,600
2674,61639,0.250325,600
2675,0,0,600
2676,0,0,600
2677,0,0,600
2678,0,0,600
2679,0,0,600
2680,0,0,600
2681,0,0,600
2682,0,0,600
2683,0,0,600
2684,0,0,600
2685,0,0,600
2686,0,0,600
2687,0,0,600
2688,0,0,600
2689,0,0,600
2690,75311,0.305849,600
2691,0,0,600
2692,98996,0.402037,600
2693,106225,0.431395,600
2694,48228,0.195861,600
2695,77011,0.312753,600
2696,74993,0.304557,600
2697,59946,0.243449,600
2698,73510,0.298535,600
2699,25092,0.101902,600
2700,93520,0.379798,600
2701,57085,0.23183,600
2702,90859,0.368992,600
2703,89958,0.365332,600
2704,35264,0.143212,600
2705,0,0,600
2706,72091,0.292772,600
2707,0,0,600
2708,102073,0.414533,600
2709,43987,0.178638,600
2710,0,0,600
2711,0,0,600
2712,0,0,600
2713,0,0,600
2714,0,0,600
2715,0,0,600
2716,0,0,600
2717,0,0,600
2718,20945,0.0850607,600
2719,8219,0.0333785,600
2720,0,0,600
2721,0,0,600
2722,0,0,600
2723,65190,0.264746,600
2724,50006,0.203082,600
2725,0,0,600
2726,0,0,600
2727,0,0,600
2728,0,0,600
2729,0,0,600
2730,135555,0.550508,600
2731,0,0,600
2732,194550,0.790096,600
2733,0,0,600
2734,100212,0.406975,600
2735,118840,0.482626,600
2736,206789,0.8398,600
2737,173607,0.705043,600
2738,156515,0.63563,600
2739,85289,0.346371,600
2740,93550,0.37992,600
2741,150015,0.609233,600
2742,182403,0.740765,600
2743,120028,0.487451,600
2744,73133,0.297004,600
2745,95162,0.386467,600
2746,155300,0.630696,600
2747,140969,0.572495,600
2748,140783,0.57174,600
2749,51852,0.210578,600
2750,120324,0.488653,600
2751,217790,0.884477,600
2752,210326,0.854164,600
2753,0,0,600
2754,104622,0.424885,600
2755,0,0,600
2756,184333,0.748603,600
2757,189147,0.768153,600
2758,80271,0.325992,600
2759,45584,0.185123,600
2760,0,0,600
2761,0,0,600
2762,0,0,600
2763,0,0,600
2764,0,0,600
2765,0,0,600
2766,0,0,600
2767,0,0,600
2768,0,0,600
2769,0,0,600
2770,0,0,600
2771,0,0,600
2772,0,0,600
2773,0,0,600
2774,0,0,600
2775,109426,0.444395,600
2776,0,0,600
2777,63560,0.258126,600
2778,172050,0.69872,600
2779,38159,0.154969,600
2780,0,0,600
2781,110897,0.450369,600
2782,141244,0.573612,600
2783,133954,0.544007,600
2784,86939,0.353072,600
2785,0,0,600
2786,0,0,600
2787,0,0,600
2788,0,0,600
2789,0,0,600
2790,0,0,600
2791,0,0,600
2792,153173,0.622058,600
2793,112481,0.456802,600
2794,63869,0.259381,600
2795,0,0,600
2796,0,0,600
2797,0,0,600
2798,0,0,600
2799,0,0,600
2800,131805,0.535279,600
2801,0,0,600
2802,123622,0.502047,600
2803,128825,0.523177,600
2804,72050,0.292605,600
2805,0,0,600
2806,107561,0.436821,600
2807,114498,0.464993,600
2808,121414,0.49308,600
2809,59749,0.242649,600
2810,0,0,600
2811,0,0,600
2812,0,0,600
2813,0,0,600
2814,0,0,600
2815,0,0,600
2816,0,0,600
2817,0,0,600
2818,108871,0.442141,600
2819,83645,0.339694,600
2820,0,0,600
2821,0,0,600
2822,0,0,600
2823,0,0,600
2824,0,0,600
2825,154410,0.627081,600
2826,0,0,600
2827,166302,0.675376,600
2828,131210,0.532863,600
2829,72585,0.294778,600
2830,0,0,600
2831,125921,0.511383,600
2832,0,0,600
2833,128742,0.52284,600
2834,71041,0.288508,600
2835,0,0,600
2836,0,0,600
2837,0,0,600
2838,0,0,600
2839,0,0,600
2840,0,0,600
2841,0,0,600
2842,0,0,600
2843,0,0,600
2844,0,0,600
2845,73159,0.297109,600
2846,0,0,600
2847,77030,0.31283,600
2848,0,0,600
2849,48394,0.196535,600
2850,78845,0.320201,600
2851,108639,0.441199,600
2852,80745,0.327917,600
2853,96107,0.390304,600
2854,49027,0.199106,600
2855,64815,0.263223,600
2856,56096,0.227814,600
2857,52701,0.214026,600
2858,78192,0.317549,600
2859,22390,0.090929,600
2860,0,0,600
2861,76925,0.312404,600
2862,106982,0.434469,600
2863,101952,0.414042,600
2864,48074,0.195235,600
2865,0,0,600
2866,0,0,600
2867,0,0,600
2868,0,0,600
2869,0,0,600
2870,0,0,600
2871,0,0,600
2872,0,0,600
2873,0,0,600
2874,0,0,600
2875,0,0,600
2876,0,0,600
2877,0,0,600
2878,0,0,600
2879,0,0,600
2880,0,0,600
2881,0,0,600
2882,0,0,600
2883,0,0,600
2884,0,0,600
2885,115020,0.467113,600
2886,0,0,600
2887,140384,0.57012,600
2888,0,0,600
2889,75736,0.307575,600
2890,112785,0.458036,600
2891,160285,0.650941,600
2892,139200,0.565311,600
2893,108601,0.441044,600
2894,73028,0.296577,600
2895,101592,0.41258,600
2896,163105,0.662393,600
2897,141930,0.576398,600
2898,135185,0.549006,600
2899,75167,0.305264,600
2900,100547,0.408336,600
2901,121378,0.492934,600
2902,135015,0.548315,600
2903,89965,0.365361,600
2904,42098,0.170966,600
2905,126279,0.512837,600
2906,132333,0.537423,600
2907,168652,0.68492,600
2908,106881,0.434059,600
2909,74331,0.301869,600
2910,115734,0.470013,600
2911,179194,0.727733,600
2912,0,0,600
2913,143972,0.584691,600
2914,89812,0.36474,600
2915,190694,0.774436,600
2916,176713,0.717657,600
2917,193036,0.783947,600
2918,95393,0.387405,600
2919,58852,0.239006,600
2920,233818,0.949569,600
2921,137097,0.556771,600
2922,180589,0.733398,600
2923,0,0,600
2924,123752,0.502575,600
2925,0,0,600
2926,144770,0.587932,600
2927,175190,0.711472,600
2928,0,0,600
2929,107582,0.436906,600
2930,0,0,600
2931,0,0,600
2932,0,0,600
2933,0,0,600
2934,0,0,600
2935,114552,0.465212,600
2936,0,0,600
2937,69162,0.280877,600
2938,174088,0.706997,600
2939,34942,0.141905,600
2940,164953,0.669898,600
2941,123737,0.502514,600
2942,176856,0.718238,600
2943,172025,0.698618,600
2944,94963,0.385658,600
2945,140920,0.572296,600
2946,176906,0.718441,600
2947,0,0,600
2948,0,0,600
2949,95647,0.388436,600
2950,131456,0.533862,600
2951,142106,0.577113,600
2952,159105,0.646148,600
2953,95756,0.388879,600
2954,54478,0.221243,600
2955,164077,0.66634,600
2956,115479,0.468977,600
2957,150888,0.612778,600
2958,0,0,600
2959,76607,0.311112,600
2960,140818,0.571882,600
2961,129955,0.527766,600
2962,0,0,600
2963,139197,0.565299,600
2964,70309,0.285535,600
2965,144312,0.586072,600
2966,106807,0.433759,600
2967,129521,0.526004,600
2968,131126,0.532522,600
2969,57757,0.23456,600
2970,0,0,600
2971,104132,0.422895,600
2972,0,0,600
2973,0,0,600
2974,79726,0.323779,600
2975,0,0,600
2976,0,0,600
2977,0,0,600
2978,0,0,600
2979,0,0,600
2980,131741,0.535019,600
2981,0,0,600
2982,138325,0.561758,600
2983,0,0,600
2984,78292,0.317955,600
2985,0,0,600
2986,160000,0.649783,600
2987,153566,0.623654,600
2988,155291,0.630659,600
2989,73767,0.299578,600
2990,0,0,600
2991,0,0,600
2992,0,0,600
2993,0,0,600
2994,0,0,600
2995,36018,0.146274,600
2996,0,0,600
2997,34373,0.139594,600
2998,0,0,600
2999,21106,0.0857145,600
3000,73915,0.30018,600
3001,70065,0.284544,600
3002,53307,0.216487,600
3003,0,0,600
3004,38352,0.155753,600
3005,84653,0.343788,600
3006,60905,0.247344,600
3007,48974,0.19889,600
3008,52539,0.213368,600
3009,26855,0.109062,600
3010,75988,0.308598,600
3011,61393,0.249326,600
3012,0,0,600
3013,75960,0.308485,600
3014,34389,0.139659,600
3015,64793,0.263134,600
3016,50392,0.204649,600
3017,66759,0.271118,600
3018,88897,0.361024,600
3019,25557,0.103791,600
3020,0,0,600
3021,86398,0.350875,600
3022,105042,0.426591,600
3023,105236,0.427379,600
3024,52607,0.213645,600
3025,0,0,600
3026,0,0,600
3027,0,0,600
3028,0,0,600
3029,0,0,600
3030,0,0,600
3031,0,0,600
3032,0,0,600
3033,0,0,600
3034,0,0,600
3035,0,0,600
3036,0,0,600
3037,0,0,600
3038,0,0,600
3039,0,0,600
3040,98959,0.401887,600
3041,0,0,600
3042,116175,0.471803,600
3043,0,0,600
3044,54116,0.219773,600
3045,106343,0.431874,600
3046,141275,0.573738,600
3047,0,0,600
3048,111682,0.453557,600
3049,62843,0.255215,600
3050,107399,0.436163,600
3051,130659,0.530625,600
3052,125719,0.510563,600
3053,100518,0.408218,600
3054,53369,0.216739,600
3055,109790,0.445873,600
3056,133746,0.543162,600
3057,0,0,600
3058,122164,0.496126,600
3059,67314,0.273372,600
3060,108366,0.44009,600
3061,133447,0.541948,600
3062,138634,0.563013,600
3063,88670,0.360102,600
3064,53283,0.21639,600
3065,0,0,600
3066,141439,0.574404,600
3067,151382,0.614784,600
3068,121955,0.495277,600
3069,81234,0.329903,600
3070,0,0,600
3071,0,0,600
3072,0,0,600
3073,0,0,600
3074,0,0,600
3075,180031,0.731132,600
3076,0,0,600
3077,163374,0.663485,600
3078,108681,0.441369,600
3079,69026,0.280325,600
3080,120620,0.489855,600
3081,81593,0.331361,600
3082,127980,0.519745,600
3083,80909,0.328583,600
3084,34560,0.140353,600
3085,0,0,600
3086,120493,0.489339,600
3087,145884,0.592456,600
3088,145529,0.591014,600
3089,95969,0.389744,600
3090,0,0,600
3091,0,0,600
3092,0,0,600
3093,0,0,600
3094,0,0,600
3095,131074,0.53231,600
3096,0,0,600
3097,87373,0.354834,600
3098,178687,0.725674,600
3099,42497,0.172586,600
3100,0,0,600
3101,124177,0.504301,600
3102,0,0,600
3103,144817,0.588123,600
3104,100835,0.409506,600
3105,0,0,600
3106,0,0,600
3107,0,0,600
3108,0,0,600
3109,0,0,600
3110,118929,0.482988,600
3111,0,0,600
3112,139264,0.565571,600
3113,96487,0.391848,600
3114,59126,0.240119,600
3115,0,0,600
3116,95577,0.388152,600
3117,116926,0.474853,600
3118,115662,0.46972,600
3119,56123,0.227924,600
3120,0,0,600
3121,0,0,600
3122,0,0,600
3123,0,0,600
3124,0,0,600
3125,0,0,600
3126,0,0,600
3127,137417,0.55807,600
3128,149342,0.606499,600
3129,80682,0.327661,600
3130,0,0,600
3131,0,0,600
3132,0,0,600
3133,0,0,600
3134,0,0,600
3135,134197,0.544993,600
3136,0,0,600
3137,131086,0.532359,600
3138,0,0,600
3139,88939,0.361194,600
3140,127237,0.516728,600
3141,122951,0.499322,600
3142,119809,0.486562,600
3143,120432,0.489092,600
3144,61237,0.248692,600
3145,0,0,600
3146,134604,0.546646,600
3147,131473,0.533931,600
3148,135880,0.551828,600
3149,74427,0.302259,600
3150,0,0,600
3151,0,0,600
3152,0,0,600
3153,0,0,600
3154,0,0,600
3155,46796,0.190045,600
3156,0,0,600
3157,0,0,600
3158,50553,0.205303,600
3159,30296,0.123036,600
3160,88270,0.358477,600
3161,77348,0.314121,600
3162,70475,0.286209,600
3163,82158,0.333656,600
3164,36239,0.147172,600
3165,0,0,600
3166,52380,0.212723,600
3167,0,0,600
3168,74668,0.303238,600
3169,34761,0.141169,600
3170,0,0,600
3171,0,0,600
3172,0,0,600
3173,0,0,600
3174,0,0,600
3175,77856,0.316184,600
3176,0,0,600
3177,110646,0.449349,600
3178,104392,0.423951,600
3179,55754,0.226425,600
3180,111467,0.452684,600
3181,118229,0.480145,600
3182,121835,0.49479,600
3183,95158,0.38645,600
3184,48253,0.195962,600
3185,117159,0.4758,600
3186,129602,0.526332,600
3187,0,0,600
3188,0,0,600
3189,49686,0.201782,600
3190,99933,0.405842,600
3191,123672,0.50225,600
3192,104796,0.425592,600
3193,0,0,600
3194,45388,0.184327,600
3195,0,0,600
3196,86383,0.350814,600
3197,81908,0.33264,600
3198,0,0,600
3199,43508,0.176692,600
3200,0,0,600
3201,0,0,600
3202,92011,0.37367,600
3203,77031,0.312834,600
3204,41270,0.167603,600
3205,0,0,600
3206,0,0,600
3207,0,0,600
3208,0,0,600
3209,0,0,600
3210,0,0,600
3211,0,0,600
3212,129759,0.52697,600
3213,105024,0.426518,600
3214,57935,0.235282,600
3215,0,0,600
3216,0,0,600
3217,0,0,600
3218,0,0,600
3219,0,0,600
3220,96424,0.391592,600
3221,0,0,600
3222,146732,0.5959,600
3223,106745,0.433507,600
3224,63753,0.25891,600
3225,113823,0.462252,600
3226,114874,0.46652,600
3227,132645,0.538691,600
3228,100357,0.407564,600
3229,49521,0.201112,600
3230,147332,0.598337,600
3231,172874,0.702066,600
3232,208468,0.846619,600
3233,0,0,600
3234,97531,0.396087,600
3235,145586,0.591246,600
3236,222787,0.90477,600
3237,0,0,600
3238,128358,0.52128,600
3239,100727,0.409067,600
3240,116621,0.473615,600
3241,109614,0.445158,600
3242,158070,0.641945,600
3243,72415,0.294088,600
3244,44524,0.180818,600
3245,145673,0.591599,600
3246,139039,0.564657,600
3247,0,0,600
3248,167578,0.680558,600
3249,89304,0.362676,600
3250,136701,0.555163,600
3251,193929,0.787574,600
3252,184437,0.749025,600
3253,0,0,600
3254,101406,0.411824,600
3255,0,0,600
3256,168969,0.686208,600
3257,81364,0.330431,600
3258,192267,0.780824,600
3259,48384,0.196494,600
3260,0,0,600
3261,0,0,600
3262,0,0,600
3263,0,0,600
3264,0,0,600
3265,128197,0.520627,600
3266,0,0,600
3267,135908,0.551942,600
3268,0,0,600
3269,94343,0.383141,600
3270,111582,0.453151,600
3271,120142,0.487914,600
3272,127157,0.516403,600
3273,95593,0.388217,600
3274,59517,0.241707,600
3275,130757,0.531023,600
3276,105048,0.426615,600
3277,119122,0.483772,600
3278,116279,0.472226,600
3279,60697,0.246499,600
3280,121028,0.491512,600
3281,112587,0.457232,600
3282,132397,0.537683,600
3283,0,0,600
3284,73197,0.297264,600
3285,152621,0.619816,600
3286,121849,0.494846,600
3287,151105,0.613659,600
3288,145340,0.590247,600
3289,64303,0.261144,600
3290,174089,0.707001,600
3291,158416,0.64335,600
3292,0,0,600
3293,0,0,600
3294,82738,0.336011,600
3295,132888,0.539677,600
3296,158183,0.642404,600
3297,141330,0.573962,600
3298,161446,0.655656,600
3299,71561,0.29062,600
3300,149033,0.605245,600
3301,120850,0.490789,600
3302,139839,0.567906,600
3303,127014,0.515822,600
3304,65709,0.266854,600
3305,0,0,600
3306,122189,0.496227,600
3307,0,0,600
3308,138187,0.561197,600
3309,84611,0.343618,600
3310,0,0,600
3311,0,0,600
3312,0,0,600
3313,0,0,600
3314,0,0,600
3315,0,0,600
3316,0,0,600
3317,0,0,600
3318,0,0,600
3319,0,0,600
3320,0,0,600
3321,0,0,600
3322,95421,0.387518,600
3323,129956,0.52777,600
3324,45921,0.186492,600
3325,0,0,600
3326,0,0,600
3327,0,0,600
3328,0,0,600
3329,0,0,600
3330,30399,0.123455,600
3331,0,0,600
3332,0,0,600
3333,0,0,600
3334,20124,0.0817265,600
3335,61237,0.248692,600
3336,65493,0.265977,600
3337,0,0,600
3338,64661,0.262598,600
3339,39383,0.15994,600
3340,0,0,600
3341,95292,0.386995,600
3342,0,0,600
3343,82155,0.333643,600
3344,56658,0.230096,600
3345,0,0,600
3346,0,0,600
3347,0,0,600
3348,0,0,600
3349,0,0,600
3350,86291,0.35044,600
3351,0,0,600
3352,107762,0.437637,600
3353,98690,0.400794,600
3354,42851,0.174024,600
3355,0,0,600
3356,77834,0.316095,600
3357,78026,0.316875,600
3358,81205,0.329785,600
3359,36889,0.149812,600
3360,70961,0.288183,600
3361,0,0,600
3362,77305,0.313947,600
3363,70754,0.287342,600
3364,36190,0.146973,600
3365,85179,0.345924,600
3366,78843,0.320193,600
3367,80870,0.328425,600
3368,0,0,600
3369,43395,0.176233,600
3370,106440,0.432268,600
3371,122538,0.497645,600
3372,0,0,600
3373,109445,0.444472,600
3374,60331,0.245013,600
3375,90044,0.365682,600
3376,99477,0.40399,600
3377,121151,0.492012,600
3378,0,0,600
3379,51166,0.207793,600
3380,97849,0.397379,600
3381,136865,0.555829,600
3382,0,0,600
3383,98219,0.398882,600
3384,55723,0.226299,600
3385,113159,0.459555,600
3386,120034,0.487475,600
3387,129893,0.527514,600
3388,93247,0.37869,600
3389,56320,0.228724,600
3390,0,0,600
3391,158073,0.641957,600
3392,182479,0.741074,600
3393,131730,0.534975,600
3394,91728,0.372521,600
3395,0,0,600
3396,0,0,600
3397,0,0,600
3398,0,0,600
3399,0,0,600
3400,0,0,600
3401,0,0,600
3402,146086,0.593276,600
3403,86032,0.349388,600
3404,55678,0.226116,600
3405,0,0,600
3406,0,0,600
3407,0,0,600
3408,0,0,600
3409,0,0,600
3410,106212,0.431342,600
3411,0,0,600
3412,155535,0.63165,600
3413,151327,0.614561,600
3414,82448,0.334833,600
3415,91966,0.373487,600
3416,131219,0.532899,600
3417,67768,0.275216,600
3418,162822,0.661244,600
3419,32164,0.130623,600
3420,201467,0.818187,600
3421,154163,0.626078,600
3422,0,0,600
3423,0,0,600
3424,106708,0.433357,600
3425,152044,0.617473,600
3426,209060,0.849023,600
3427,180589,0.733398,600
3428,191975,0.779638,600
3429,99076,0.402362,600
3430,131313,0.533281,600
3431,131687,0.5348,600
3432,140171,0.569255,600
3433,117050,0.475357,600
3434,71696,0.291168,600
3435,128888,0.523433,600
3436,115739,0.470033,600
3437,120388,0.488913,600
3438,122546,0.497677,600
3439,71169,0.289028,600
3440,111278,0.451916,600
3441,101635,0.412754,600
3442,110640,0.449325,600
3443,109672,0.445394,600
3444,60068,0.243945,600
3445,0,0,600
3446,132229,0.537001,600
3447,160153,0.650404,600
3448,124469,0.505487,600
3449,85510,0.347268,600
3450,0,0,600
3451,0,0,600
3452,0,0,600
3453,0,0,600
3454,0,0,600
3455,135903,0.551922,600
3456,0,0,600
3457,0,0,600
3458,130033,0.528083,600
3459,85078,0.345514,600
3460,0,0,600
3461,156527,0.635679,600
3462,162894,0.661536,600
3463,136207,0.553156,600
3464,73582,0.298827,600
3465,0,0,600
3466,0,0,600
3467,0,0,600
3468,0,0,600
3469,0,0,600
3470,0,0,600
3471,0,0,600
3472,0,0,600
3473,0,0,600
3474,0,0,600
3475,0,0,600
3476,0,0,600
3477,0,0,600
3478,0,0,600
3479,0,0,600
3480,122465,0.497348,600
3481,0,0,600
3482,101454,0.412019,600
3483,145805,0.592135,600
3484,50687,0.205847,600
3485,0,0,600
3486,104662,0.425048,600
3487,114847,0.46641,600
3488,0,0,600
3489,59045,0.23979,600
3490,0,0,600
3491,0,0,600
3492,0,0,600
3493,0,0,600
3494,0,0,600
3495,0,0,600
3496,0,0,600
3497,0,0,600
3498,0,0,600
3499,0,0,600
3500,0,0,600
3501,0,0,600
3502,0,0,600
3503,0,0,600
3504,0,0,600
3505,92035,0.373767,600
3506,0,0,600
3507,105181,0.427155,600
3508,0,0,600
3509,40169,0.163132,600
3510,112411,0.456517,600
3511,125893,0.51127,600
3512,0,0,600
3513,104856,0.425835,600
3514,54149,0.219907,600
3515,0,0,600
3516,96310,0.391129,600
3517,109362,0.444135,600
3518,102782,0.417413,600
3519,52600,0.213616,600
3520,57041,0.231652,600
3521,0,0,600
3522,59033,0.239742,600
3523,58662,0.238235,600
3524,30831,0.125209,600
3525,0,0,600
3526,55639,0.225958,600
3527,60647,0.246296,600
3528,63989,0.259869,600
3529,32540,0.13215,600
3530,0,0,600
3531,0,0,600
3532,0,0,600
3533,0,0,600
3534,0,0,600
3535,0,0,600
3536,0,0,600
3537,96788,0.39307,600
3538,77513,0.314792,600
3539,41031,0.166633,600
3540,0,0,600
3541,0,0,600
3542,0,0,600
3543,0,0,600
3544,0,0,600
3545,99553,0.404299,600
3546,0,0,600
3547,109861,0.446161,600
3548,95686,0.388595,600
3549,54502,0.221341,600
3550,0,0,600
3551,130150,0.528558,600
3552,140003,0.568572,600
3553,114394,0.464571,600
3554,77401,0.314337,600
3555,0,0,600
3556,0,0,600
3557,0,0,600
3558,0,0,600
3559,0,0,600
3560,101701,0.413022,600
3561,0,0,600
3562,125560,0.509917,600
3563,71726,0.29129,600
3564,43843,0.178053,600
3565,110552,0.448968,600
3566,104813,0.425661,600
3567,116397,0.472705,600
3568,0,0,600
3569,70345,0.285681,600
3570,94082,0.382081,600
3571,116598,0.473521,600
3572,109678,0.445418,600
3573,113169,0.459596,600
3574,58634,0.238121,600
3575,0,0,600
3576,109484,0.44463,600
3577,71875,0.291895,600
3578,150337,0.61054,600
3579,44631,0.181253,600
3580,0,0,600
3581,0,0,600
3582,0,0,600
3583,0,0,600
3584,0,0,600
3585,131489,0.533996,600
3586,0,0,600
3587,0,0,600
3588,136960,0.556214,600
3589,93754,0.380749,600
3590,133538,0.542317,600
3591,151162,0.613891,600
3592,141879,0.576191,600
3593,123035,0.499663,600
3594,78227,0.317691,600
3595,139229,0.565429,600
3596,122109,0.495902,600
3597,112207,0.455689,600
3598,130195,0.528741,600
3599,71489,0.290327,600
3600,133371,0.541639,600
3601,112460,0.456716,600
3602,114131,0.463502,600
3603,118008,0.479248,600
3604,69027,0.280329,600
3605,160633,0.652354,600
3606,121680,0.49416,600
3607,132794,0.539296,600
3608,124640,0.506181,600
3609,75743,0.307603,600
3610,0,0,600
3611,102085,0.414582,600
3612,0,0,600
3613,0,0,600
3614,76602,0.311092,600
3615,0,0,600
3616,0,0,600
3617,0,0,600
3618,0,0,600
3619,0,0,600
3620,159123,0.646222,600
3621,0,0,600
3622,162321,0.659209,600
3623,163702,0.664817,600
3624,79103,0.321249,600
3625,177315,0.720102,600
3626,134777,0.547349,600
3627,136139,0.55288,600
3628,0,0,600
3629,69313,0.28149,600
3630,185905,0.754987,600
3631,140468,0.570461,600
3632,0,0,600
3633,0,0,600
3634,77533,0.314873,600
3635,172677,0.701266,600
3636,142124,0.577186,600
3637,159273,0.646831,600
3638,0,0,600
3639,78230,0.317703,600
3640,141702,0.575472,600
3641,129327,0.525216,600
3642,0,0,600
3643,162176,0.65862,600
3644,70526,0.286416,600
3645,139477,0.566436,600
3646,118220,0.480109,600
3647,128456,0.521678,600
3648,120155,0.487967,600
3649,62520,0.253903,600
3650,111848,0.454231,600
3651,98902,0.401655,600
3652,0,0,600
3653,0,0,600
3654,63288,0.257022,600
3655,88512,0.35946,600
3656,81486,0.330926,600
3657,0,0,600
3658,0,0,600
3659,46552,0.189054,600
3660,87174,0.354026,600
3661,96283,0.391019,600
3662,94567,0.38405,600
3663,0,0,600
3664,50505,0.205108,600
3665,0,0,600
3666,88632,0.359947,600
3667,105826,0.429775,600
3668,89744,0.364463,600
3669,45625,0.18529,600
3670,0,0,600
3671,0,0,600
3672,0,0,600
3673,0,0,600
3674,0,0,600
3675,0,0,600
3676,0,0,600
3677,94452,0.383583,600
3678,92379,0.375164,600
3679,42677,0.173317,600
3680,44762,0.181785,600
3681,0,0,600
3682,44334,0.180047,600
3683,46204,0.187641,600
3684,24681,0.100233,600
3685,52705,0.214043,600
3686,45189,0.183519,600
3687,45289,0.183925,600
3688,54465,0.22119,600
3689,26622,0.108116,600
3690,49434,0.200759,600
3691,48214,0.195804,600
3692,48818,0.198257,600
3693,0,0,600
3694,26896,0.109229,600
3695,67690,0.274899,600
3696,62197,0.252591,600
3697,69483,0.282181,600
3698,64124,0.260417,600
3699,34612,0.140564,600
3700,84831,0.344511,600
3701,76072,0.308939,600
3702,75534,0.306754,600
3703,0,0,600
3704,47766,0.193985,600
3705,105297,0.427626,600
3706,125658,0.510315,600
3707,104486,0.424333,600
3708,112835,0.458239,600
3709,62333,0.253143,600
3710,0,0,600
3711,118270,0.480312,600
3712,108619,0.441117,600
3713,107078,0.434859,600
3714,64940,0.263731,600
3715,0,0,600
3716,0,0,600
3717,0,0,600
3718,0,0,600
3719,0,0,600
3720,101756,0.413246,600
3721,0,0,600
3722,115830,0.470402,600
3723,81377,0.330484,600
3724,47648,0.193505,600
3725,116771,0.474224,600
3726,107165,0.435213,600
3727,103529,0.420446,600
3728,115259,0.468083,600
3729,69239,0.28119,600
3730,105062,0.426672,600
3731,126690,0.514506,600
3732,103594,0.42071,600
3733,118927,0.48298,600
3734,66964,0.27195,600
3735,90854,0.368971,600
3736,98425,0.399718,600
3737,61798,0.250971,600
3738,153182,0.622094,600
3739,39513,0.160468,600
3740,0,0,600
3741,121943,0.495228,600
3742,117136,0.475706,600
3743,0,0,600
3744,85278,0.346326,600
3745,0,0,600
3746,0,0,600
3747,0,0,600
3748,0,0,600
3749,0,0,600
3750,139274,0.565612,600
3751,0,0,600
3752,142143,0.577263,600
3753,151436,0.615003,600
3754,85627,0.347744,600
3755,153869,0.624884,600
3756,114373,0.464485,600
3757,101133,0.410716,600
3758,133644,0.542748,600
3759,62010,0.251832,600
3760,160327,0.651111,600
3761,114720,0.465895,600
3762,116751,0.474143,600
3763,135846,0.55169,600
3764,79958,0.324721,600
3765,0,0,600
3766,120194,0.488125,600
3767,0,0,600
3768,133451,0.541964,600
3769,82405,0.334659,600
3770,0,0,600
3771,0,0,600
3772,0,0,600
3773,0,0,600
3774,0,0,600
3775,126928,0.515473,600
3776,0,0,600
3777,136444,0.554119,600
3778,0,0,600
3779,88983,0.361373,600
3780,161595,0.656261,600
3781,154878,0.628982,600
3782,132534,0.53824,600
3783,123388,0.501097,600
3784,62197,0.252591,600
3785,0,0,600
3786,117495,0.477164,600
3787,0,0,600
3788,150232,0.610114,600
3789,69710,0.283102,600
3790,0,0,600
3791,0,0,600
3792,0,0,600
3793,0,0,600
3794,0,0,600
3795,0,0,600
3796,0,0,600
3797,0,0,600
3798,105175,0.427131,600
3799,65574,0.266305,600
3800,0,0,600
3801,0,0,600
3802,0,0,600
3803,0,0,600
3804,0,0,600
3805,0,0,600
3806,0,0,600
3807,122581,0.497819,600
3808,113904,0.462581,600
3809,56979,0.2314,600
3810,0,0,600
3811,0,0,600
3812,0,0,600
3813,0,0,600
3814,0,0,600
3815,0,0,600
3816,0,0,600
3817,0,0,600
3818,0,0,600
3819,0,0,600
3820,61564,0.25002,600
3821,0,0,600
3822,0,0,600
3823,73147,0.297061,600
3824,35301,0.143362,600
3825,76539,0.310836,600
3826,76089,0.309008,600
3827,94582,0.384111,600
3828,76802,0.311904,600
3829,39832,0.161764,600
3830,69361,0.281685,600
3831,62607,0.254256,600
3832,68691,0.278964,600
3833,0,0,600
3834,33705,0.136881,600
3835,0,0,600
3836,87311,0.354583,600
3837,81083,0.32929,600
3838,96725,0.392814,600
3839,44744,0.181712,600
3840,41403,0.168144,600
3841,0,0,600
3842,44363,0.180165,600
3843,41771,0.169638,600
3844,22038,0.0894995,600
3845,36835,0.149592,600
3846,32041,0.130123,600
3847,30570,0.124149,600
3848,35466,0.144033,600
3849,15492,0.0629153,600
3850,50157,0.203695,600
3851,46610,0.18929,600
3852,43071,0.174918,600
3853,46316,0.188096,600
3854,26851,0.109046,600
3855,53121,0.215732,600
3856,38299,0.155538,600
3857,38179,0.15505,600
3858,36999,0.150258,600
3859,20013,0.0812757,600
3860,75113,0.305045,600
3861,44097,0.179084,600
3862,43461,0.176501,600
3863,50285,0.204215,600
3864,26776,0.108741,600
3865,104306,0.423602,600
3866,94422,0.383461,600
3867,95822,0.389147,600
3868,94164,0.382414,600
3869,53152,0.215858,600
3870,115808,0.470313,600
3871,91832,0.372943,600
3872,91856,0.37304,600
3873,99165,0.402723,600
3874,50860,0.20655,600
3875,123180,0.500252,600
3876,116818,0.474415,600
3877,109110,0.443111,600
3878,0,0,600
3879,64165,0.260583,600
3880,134673,0.546927,600
3881,108248,0.439611,600
3882,112694,0.457667,600
3883,78199,0.317577,600
3884,41325,0.167827,600
3885,133740,0.543137,600
3886,81388,0.330528,600
3887,105020,0.426501,600
3888,95215,0.386682,600
3889,43181,0.175364,600
3890,112362,0.456318,600
3891,69722,0.283151,600
3892,104556,0.424617,600
3893,97624,0.396465,600
3894,37771,0.153393,600
3895,90180,0.366234,600
3896,70777,0.287436,600
3897,107676,0.437288,600
3898,142809,0.579968,600
3899,31766,0.129006,600
3900,145102,0.58928,600
3901,129829,0.527254,600
3902,101911,0.413875,600
3903,154377,0.626947,600
3904,66284,0.269189,600
3905,148995,0.60509,600
3906,134696,0.54702,600
3907,122486,0.497433,600
3908,0,0,600
3909,78884,0.320359,600
3910,140633,0.571131,600
3911,126736,0.514693,600
3912,125620,0.510161,600
3913,149484,0.607076,600
3914,69179,0.280946,600
3915,178844,0.726311,600
3916,116350,0.472514,600
3917,119999,0.487333,600
3918,165970,0.674028,600
3919,73055,0.296687,600
3920,0,0,600
3921,125754,0.510705,600
3922,0,0,600
3923,173024,0.702675,600
3924,98731,0.400961,600
3925,0,0,600
3926,0,0,600
3927,0,0,600
3928,0,0,600
3929,0,0,600
3930,126071,0.511993,600
3931,0,0,600
3932,108431,0.440354,600
3933,0,0,600
3934,81967,0.33288,600
3935,127307,0.517012,600
3936,104484,0.424325,600
3937,93663,0.380379,600
3938,101352,0.411605,600
3939,53077,0.215553,600
3940,0,0,600
3941,120608,0.489807,600
3942,135928,0.552023,600
3943,126750,0.51475,600
3944,61814,0.251036,600
3945,0,0,600
3946,0,0,600
3947,0,0,600
3948,0,0,600
3949,0,0,600
3950,0,0,600
3951,0,0,600
3952,118550,0.481449,600
3953,0,0,600
3954,76836,0.312042,600
3955,0,0,600
3956,0,0,600
3957,0,0,600
3958,0,0,600
3959,0,0,600
3960,123540,0.501714,600
3961,0,0,600
3962,139900,0.568154,600
3963,0,0,600
3964,59063,0.239863,600
3965,0,0,600
3966,131467,0.533906,600
3967,0,0,600
3968,116321,0.472396,600
3969,54794,0.222526,600
3970,0,0,600
3971,0,0,600
3972,0,0,600
3973,0,0,600
3974,0,0,600
3975,0,0,600
3976,0,0,600
3977,11708,0.0475479,600
3978,0,0,600
3979,3330,0.0135236,600
3980,0,0,600
3981,0,0,600
3982,0,0,600
3983,0,0,600
3984,0,0,600
3985,74409,0.302186,600
3986,0,0,600
3987,95486,0.387782,600
3988,77316,0.313991,600
3989,43253,0.175657,600
3990,65969,0.26791,600
3991,61545,0.249943,600
3992,62226,0.252709,600
3993,59108,0.240046,600
3994,30778,0.124994,600
3995,0,0,600
3996,57251,0.232505,600
3997,0,0,600
3998,66641,0.270639,600
3999,31286,0.127057,600
4000,65179,0.264701,600
4001,0,0,600
4002,51228,0.208044,600
4003,52574,0.213511,600
4004,23135,0.0939546,600
4005,52936,0.214981,600
4006,45951,0.186614,600
4007,0,0,600
4008,45204,0.18358,600
4009,23158,0.094048,600
4010,41958,0.170398,600
4011,34541,0.140276,600
4012,30506,0.123889,600
4013,36442,0.147996,600
4014,19441,0.0789527,600
4015,49756,0.202066,600
4016,46399,0.188433,600
4017,49820,0.202326,600
4018,45858,0.186236,600
4019,29150,0.118382,600
4020,61554,0.24998,600
4021,48781,0.198107,600
4022,44288,0.17986,600
4023,51466,0.209011,600
4024,31264,0.126968,600
4025,92452,0.375461,600
4026,109700,0.445508,600
4027,95680,0.38857,600
4028,95071,0.386097,600
4029,59278,0.240737,600
4030,86635,0.351837,600
4031,103551,0.420536,600
4032,92914,0.377337,600
4033,92140,0.374194,600
4034,55435,0.22513,600
4035,90213,0.366368,600
4036,107342,0.435931,600
4037,109923,0.446413,600
4038,86211,0.350115,600
4039,43799,0.177874,600
4040,129898,0.527535,600
4041,167809,0.681497,600
4042,0,0,600
4043,103143,0.418879,600
4044,74266,0.301605,600
4045,127535,0.517938,600
4046,140757,0.571635,600
4047,138919,0.56417,600
4048,104118,0.422838,600
4049,67310,0.273356,600
4050,133766,0.543243,600
4051,137503,0.55842,600
4052,0,0,600
4053,110280,0.447863,600
4054,72474,0.294327,600
4055,126306,0.512947,600
4056,128503,0.521869,600
4057,124702,0.506433,600
4058,93780,0.380854,600
4059,55156,0.223996,600
4060,103146,0.418891,600
4061,93322,0.378994,600
4062,115581,0.469391,600
4063,129285,0.525045,600
4064,42777,0.173724,600
4065,112423,0.456566,600
4066,113421,0.460619,600
4067,95794,0.389033,600
4068,121197,0.492199,600
4069,55894,0.226994,600
4070,126726,0.514653,600
4071,123818,0.502843,600
4072,103765,0.421405,600
4073,120019,0.487415,600
4074,57637,0.234072,600
4075,0,0,600
4076,145752,0.59192,600
4077,129885,0.527482,600
4078,189437,0.769331,600
4079,91449,0.371388,600
4080,0,0,600
4081,0,0,600
4082,0,0,600
4083,0,0,600
4084,0,0,600
4085,168960,0.686171,600
4086,0,0,600
4087,128548,0.522052,600
4088,0,0,600
4089,104019,0.422436,600
4090,137832,0.559756,600
4091,90086,0.365852,600
4092,96516,0.391965,600
4093,133879,0.543702,600
4094,60078,0.243985,600
4095,118495,0.481225,600
4096,87400,0.354944,600
4097,101036,0.410322,600
4098,124949,0.507436,600
4099,45371,0.184258,600
4100,188968,0.767426,600
4101,128833,0.523209,600
4102,0,0,600
4103,134391,0.545781,600
4104,80504,0.326938,600
4105,202534,0.82252,600
4106,145516,0.590962,600
4107,0,0,600
4108,0,0,600
4109,82954,0.336888,600
4110,172603,0.700966,600
4111,146950,0.596785,600
4112,185059,0.751551,600
4113,171985,0.698456,600
4114,84223,0.342042,600
4115,140493,0.570562,600
4116,128036,0.519973,600
4117,150223,0.610077,600
4118,0,0,600
4119,88108,0.357819,600
4120,0,0,600
4121,119401,0.484905,600
4122,154607,0.627881,600
4123,140495,0.570571,600
4124,69237,0.281181,600
4125,0,0,600
4126,0,0,600
4127,0,0,600
4128,0,0,600
4129,0,0,600
4130,32995,0.133997,600
4131,0,0,600
4132,38206,0.15516,600
4133,0,0,600
4134,18111,0.0735514,600
4135,0,0,600
4136,31188,0.126659,600
4137,33017,0.134087,600
4138,23452,0.095242,600
4139,16052,0.0651895,600
4140,0,0,600
4141,0,0,600
4142,0,0,600
4143,0,0,600
4144,0,0,600
4145,42278,0.171697,600
4146,0,0,600
4147,66210,0.268888,600
4148,53018,0.215314,600
4149,23636,0.0959892,600
4150,0,0,600
4151,43610,0.177107,600
4152,46716,0.18972,600
4153,51793,0.210339,600
4154,23334,0.0947627,600
4155,0,0,600
4156,0,0,600
4157,0,0,600
4158,0,0,600
4159,0,0,600
4160,0,0,600
4161,0,0,600
4162,63987,0.25986,600
4163,71686,0.291127,600
4164,27941,0.113472,600
4165,0,0,600
4166,0,0,600
4167,0,0,600
4168,0,0,600
4169,0,0,600
4170,17229,0.0699695,600
4171,0,0,600
4172,0,0,600
4173,17599,0.0714721,600
4174,6800,0.0276158,600
4175,35335,0.143501,600
4176,37539,0.152451,600
4177,33672,0.136747,600
4178,37426,0.151992,600
4179,22270,0.0904417,600
4180,52152,0.211797,600
4181,44602,0.181135,600
4182,44241,0.179669,600
4183,41198,0.167311,600
4184,25064,0.101789,600
4185,74634,0.303099,600
4186,86228,0.350184,600
4187,0,0,600
4188,75960,0.308485,600
4189,42887,0.17417,600
4190,72530,0.294555,600
4191,94222,0.382649,600
4192,78809,0.320055,600
4193,77882,0.31629,600
4194,39282,0.15953,600
4195,0,0,600
4196,93998,0.381739,600
4197,95375,0.387332,600
4198,82556,0.335272,600
4199,53083,0.215578,600
4200,0,0,600
4201,0,0,600
4202,0,0,600
4203,0,0,600
4204,0,0,600
4205,0,0,600
4206,0,0,600
4207,118649,0.481851,600
4208,122894,0.49909,600
4209,71744,0.291363,600
4210,0,0,600
4211,0,0,600
4212,0,0,600
4213,0,0,600
4214,0,0,600
4215,122679,0.498217,600
4216,0,0,600
4217,139999,0.568556,600
4218,123895,0.503156,600
4219,73996,0.300508,600
4220,99779,0.405217,600
4221,101708,0.413051,600
4222,100886,0.409713,600
4223,86910,0.352954,600
4224,39358,0.159839,600
4225,105688,0.429214,600
4226,95436,0.387579,600
4227,91854,0.373032,600
4228,99033,0.402187,600
4229,37921,0.154003,600
4230,129389,0.525467,600
4231,107960,0.438441,600
4232,103175,0.419009,600
4233,115208,0.467876,600
4234,45140,0.18332,600
4235,150817,0.61249,600
4236,104758,0.425437,600
4237,94485,0.383717,600
4238,149922,0.608855,600
4239,43374,0.176148,600
4240,188693,0.76631,600
4241,125382,0.509194,600
4242,104682,0.425129,600
4243,0,0,600
4244,66940,0.271853,600
4245,179801,0.730198,600
4246,118953,0.483085,600
4247,107853,0.438007,600
4248,196250,0.797,600
4249,74245,0.30152,600
4250,147591,0.599388,600
4251,113844,0.462337,600
4252,103960,0.422197,600
4253,182326,0.740452,600
4254,71938,0.292151,600
4255,0,0,600
4256,128262,0.520891,600
4257,138143,0.561019,600
4258,148685,0.603831,600
4259,93729,0.380647,600
4260,0,0,600
4261,0,0,600
4262,0,0,600
4263,0,0,600
4264,0,0,600
4265,0,0,600
4266,0,0,600
4267,0,0,600
4268,0,0,600
4269,0,0,600
4270,131923,0.535758,600
4271,0,0,600
4272,128038,0.519981,600
4273,120419,0.489039,600
4274,71609,0.290815,600
4275,86652,0.351906,600
4276,90741,0.368512,600
4277,93876,0.381244,600
4278,98296,0.399194,600
4279,49271,0.200097,600
4280,130770,0.531076,600
4281,100772,0.40925,600
4282,103788,0.421498,600
4283,119173,0.483979,600
4284,59066,0.239876,600
4285,107349,0.43596,600
4286,97325,0.395251,600
4287,93576,0.380026,600
4288,0,0,600
4289,58983,0.239538,600
4290,63957,0.259739,600
4291,76995,0.312688,600
4292,66180,0.268767,600
4293,73274,0.297576,600
4294,42449,0.172392,600
4295,48581,0.197294,600
4296,52942,0.215005,600
4297,52906,0.214859,600
4298,54387,0.220873,600
4299,30693,0.124649,600
4300,40098,0.162844,600
4301,50832,0.206436,600
4302,54777,0.222457,600
4303,0,0,600
4304,21658,0.0879563,600
4305,42477,0.172505,600
4306,67069,0.272377,600
4307,48244,0.195926,600
4308,46435,0.188579,600
4309,23444,0.0952095,600
4310,0,0,600
4311,32433,0.131715,600
4312,34307,0.139326,600
4313,43398,0.176246,600
4314,16886,0.0685765,600
4315,0,0,600
4316,0,0,600
4317,0,0,600
4318,0,0,600
4319,0,0,600
4320,84949,0.34499,600
4321,0,0,600
4322,0,0,600
4323,87918,0.357048,600
4324,38858,0.157808,600
4325,0,0,600
4326,108352,0.440033,600
4327,109076,0.442973,600
4328,0,0,600
4329,49913,0.202704,600
4330,0,0,600
4331,0,0,600
4332,0,0,600
4333,0,0,600
4334,0,0,600
4335,9866,0.0400673,600
4336,0,0,600
4337,0,0,600
4338,12720,0.0516578,600
4339,4965,0.0201636,600
4340,0,0,600
4341,17415,0.0707248,600
4342,0,0,600
4343,22864,0.092854,600
4344,10749,0.0436532,600
4345,0,0,600
4346,0,0,600
4347,0,0,600
4348,0,0,600
4349,0,0,600
4350,57232,0.232427,600
4351,0,0,600
4352,63131,0.256384,600
4353,72670,0.295123,600
4354,28970,0.117651,600
4355,0,0,600
4356,71918,0.292069,600
4357,66254,0.269067,600
4358,70543,0.286485,600
4359,36690,0.149003,600
4360,0,0,600
4361,0,0,600
4362,0,0,600
4363,0,0,600
4364,0,0,600
4365,114197,0.463771,600
4366,0,0,600
4367,157196,0.638396,600
4368,141593,0.57503,600
4369,68274,0.277271,600
4370,130812,0.531246,600
4371,173529,0.704726,600
4372,181330,0.736407,600
4373,0,0,600
4374,80060,0.325135,600
4375,116293,0.472283,600
4376,192550,0.781973,600
4377,0,0,600
4378,144193,0.585589,600
4379,74285,0.301682,600
4380,102422,0.415951,600
4381,160172,0.650482,600
4382,164862,0.669528,600
4383,119927,0.487041,600
4384,69192,0.280999,600
4385,109349,0.444082,600
4386,168839,0.68568,600
4387,179929,0.730718,600
4388,124847,0.507022,600
4389,67426,0.273827,600
4390,100047,0.406305,600
4391,176482,0.716719,600
4392,191230,0.776613,600
4393,119247,0.484279,600
4394,65061,0.264222,600
4395,100843,0.409538,600
4396,172870,0.70205,600
4397,0,0,600
4398,106963,0.434392,600
4399,52287,0.212345,600
4400,87571,0.355638,600
4401,159448,0.647541,600
4402,148273,0.602158,600
4403,102772,0.417372,600
4404,39923,0.162133,600
4405,81441,0.330744,600
4406,146667,0.595636,600
4407,132096,0.536461,600
4408,90870,0.369036,600
4409,36996,0.150246,600
4410,90772,0.368638,600
4411,151724,0.616173,600
4412,153099,0.621757,600
4413,93975,0.381646,600
4414,38437,0.156098,600
4415,122344,0.496857,600
4416,168002,0.68228,600
4417,0,0,600
4418,106806,0.433755,600
4419,44819,0.182016,600
4420,123216,0.500398,600
4421,170218,0.69128,600
4422,183667,0.745898,600
4423,0,0,600
4424,56040,0.227587,600
4425,128415,0.521512,600
4426,149803,0.608372,600
4427,121286,0.49256,600
4428,0,0,600
4429,61263,0.248798,600
4430,106131,0.431013,600
4431,112950,0.458706,600
4432,109199,0.443473,600
4433,98940,0.40181,600
4434,61568,0.250037,600
4435,86447,0.351074,600
4436,87644,0.355935,600
4437,82093,0.333392,600
4438,80904,0.328563,600
4439,48531,0.197091,600
4440,105686,0.429206,600
4441,98395,0.399596,600
4442,98659,0.400668,600
4443,92195,0.374417,600
4444,57609,0.233958,600
4445,94009,0.381784,600
4446,90005,0.365523,600
4447,86030,0.34938,600
4448,84032,0.341266,600
4449,52081,0.211508,600
4450,65955,0.267853,600
4451,74339,0.301901,600
4452,62779,0.254955,600
4453,59858,0.243092,600
4454,41365,0.167989,600
4455,53804,0.218506,600
4456,56707,0.230295,600
4457,51717,0.21003,600
4458,50138,0.203618,600
4459,31813,0.129197,600
4460,61748,0.250768,600
4461,51708,0.209994,600
4462,63771,0.258983,600
4463,46600,0.189249,600
4464,27978,0.113623,600
4465,62088,0.252148,600
4466,59396,0.241216,600
4467,0,0,600
4468,54688,0.222096,600
4469,31748,0.128933,600
4470,30072,0.122127,600
4471,42492,0.172566,600
4472,0,0,600
4473,45463,0.184632,600
4474,20400,0.0828473,600
4475,0,0,600
4476,15995,0.064958,600
4477,0,0,600
4478,0,0,600
4479,4527,0.0183848,600
4480,0,0,600
4481,0,0,600
4482,0,0,600
4483,0,0,600
4484,0,0,600
4485,112142,0.455425,600
4486,0,0,600
4487,111044,0.450966,600
4488,121545,0.493612,600
4489,50450,0.204885,600
4490,0,0,600
4491,108953,0.442474,600
4492,108808,0.441885,600
4493,0,0,600
4494,53009,0.215277,600
4495,0,0,600
4496,0,0,600
4497,0,0,600
4498,0,0,600
4499,0,0,600
4500,0,0,600
4501,0,0,600
4502,0,0,600
4503,0,0,600
4504,0,0,600
4505,58036,0.235693,600
4506,0,0,600
4507,0,0,600
4508,0,0,600
4509,40649,0.165081,600
4510,66177,0.268754,600
4511,96387,0.391442,600
4512,82417,0.334707,600
4513,89520,0.363554,600
4514,46880,0.190386,600
4515,62905,0.255466,600
4516,81983,0.332945,600
4517,76243,0.309634,600
4518,80689,0.32769,600
4519,36967,0.150128,600
4520,81323,0.330264,600
4521,102935,0.418034,600
4522,98594,0.400404,600
4523,0,0,600
4524,51506,0.209173,600
4525,82233,0.33396,600
4526,127536,0.517942,600
4527,111598,0.453216,600
4528,95324,0.387125,600
4529,46138,0.187373,600
4530,0,0,600
4531,144741,0.587814,600
4532,0,0,600
4533,116634,0.473668,600
4534,77364,0.314186,600
4535,0,0,600
4536,0,0,600
4537,0,0,600
4538,0,0,600
4539,0,0,600
4540,120003,0.48735,600
4541,0,0,600
4542,163649,0.664602,600
4543,115356,0.468477,600
4544,79935,0.324628,600
4545,134377,0.545724,600
4546,151031,0.613359,600
4547,171027,0.694565,600
4548,107300,0.435761,600
4549,69228,0.281145,600
4550,0,0,600
4551,190083,0.771955,600
4552,220982,0.89744,600
4553,134485,0.546163,600
4554,110037,0.446876,600
4555,0,0,600
4556,0,0,600
4557,0,0,600
4558,0,0,600
4559,0,0,600
4560,164326,0.667352,600
4561,0,0,600
4562,210428,0.854579,600
4563,125303,0.508874,600
4564,99156,0.402687,600
4565,129390,0.525471,600
4566,149265,0.606187,600
4567,0,0,600
4568,103090,0.418663,600
4569,75768,0.307705,600
4570,0,0,600
4571,175541,0.712897,600
4572,205927,0.836299,600
4573,133602,0.542577,600
4574,111712,0.453679,600
4575,0,0,600
4576,0,0,600
4577,0,0,600
4578,0,0,600
4579,0,0,600
4580,169654,0.688989,600
4581,0,0,600
4582,195232,0.792865,600
4583,143525,0.582876,600
4584,95645,0.388428,600
4585,75070,0.30487,600
4586,96237,0.390832,600
4587,99555,0.404307,600
4588,114395,0.464575,600
4589,33815,0.137328,600
4590,74873,0.30407,600
4591,82391,0.334602,600
4592,79854,0.324299,600
4593,75893,0.308212,600
4594,45469,0.184656,600
4595,62205,0.252623,600
4596,74725,0.303469,600
4597,0,0,600
4598,63477,0.257789,600
4599,32578,0.132304,600
4600,70766,0.287391,600
4601,90416,0.367192,600
4602,77495,0.314718,600
4603,77664,0.315405,600
4604,43359,0.176087,600
4605,51652,0.209766,600
4606,72469,0.294307,600
4607,51069,0.207399,600
4608,59166,0.240282,600
4609,33607,0.136483,600
4610,25521,0.103644,600
4611,45139,0.183316,600
4612,27923,0.113399,600
4613,32521,0.132072,600
4614,16123,0.0654778,600
4615,24272,0.0985721,600
4616,39882,0.161967,600
4617,29394,0.119373,600
4618,30403,0.123471,600
4619,14128,0.0573759,600
4620,0,0,600
4621,39117,0.15886,600
4622,29580,0.120129,600
4623,30457,0.12369,600
4624,13623,0.055325,600
4625,0,0,600
4626,0,0,600
4627,0,0,600
4628,0,0,600
4629,0,0,600
4630,0,0,600
4631,0,0,600
4632,0,0,600
4633,0,0,600
4634,0,0,600
4635,0,0,600
4636,0,0,600
4637,0,0,600
4638,0,0,600
4639,0,0,600
4640,0,0,600
4641,0,0,600
4642,0,0,600
4643,0,0,600
4644,0,0,600
4645,93983,0.381679,600
4646,0,0,600
4647,0,0,600
4648,98577,0.400335,600
4649,46235,0.187767,600
4650,106539,0.43267,600
4651,95839,0.389216,600
4652,113762,0.462004,600
4653,97499,0.395958,600
4654,47034,0.191012,600
4655,102736,0.417226,600
4656,88912,0.361084,600
4657,0,0,600
4658,0,0,600
4659,53729,0.218201,600
4660,0,0,600
4661,86438,0.351037,600
4662,92907,0.377309,600
4663,0,0,600
4664,51832,0.210497,600
4665,0,0,600
4666,0,0,600
4667,0,0,600
4668,0,0,600
4669,0,0,600
4670,64854,0.263381,600
4671,0,0,600
4672,0,0,600
4673,70296,0.285482,600
4674,38414,0.156005,600
4675,72101,0.292813,600
4676,81786,0.332145,600
4677,0,0,600
4678,61344,0.249127,600
4679,37476,0.152195,600
4680,71985,0.292341,600
4681,88865,0.360894,600
4682,92332,0.374974,600
4683,59656,0.242272,600
4684,35209,0.142989,600
4685,0,0,600
4686,94953,0.385618,600
4687,0,0,600
4688,86930,0.353035,600
4689,61230,0.248664,600
4690,0,0,600
4691,0,0,600
4692,0,0,600
4693,0,0,600
4694,0,0,600
4695,67011,0.272141,600
4696,0,0,600
4697,0,0,600
4698,0,0,600
4699,47111,0.191325,600
4700,119997,0.487325,600
4701,130806,0.531222,600
4702,0,0,600
4703,118177,0.479934,600
4704,73203,0.297288,600
4705,136862,0.555816,600
4706,158840,0.645072,600
4707,162881,0.661483,600
4708,116858,0.474577,600
4709,74698,0.303359,600
4710,0,0,600
4711,163060,0.66221,600
4712,179978,0.730917,600
4713,141313,0.573893,600
4714,97181,0.394666,600
4715,0,0,600
4716,0,0,600
4717,0,0,600
4718,0,0,600
4719,0,0,600
4720,0,0,600
4721,0,0,600
4722,217749,0.88431,600
4723,146462,0.594803,600
4724,98074,0.398293,600
4725,0,0,600
4726,0,0,600
4727,0,0,600
4728,0,0,600
4729,0,0,600
4730,0,0,600
4731,0,0,600
4732,0,0,600
4733,98877,0.401554,600
4734,82567,0.335317,600
4735,0,0,600
4736,0,0,600
4737,0,0,600
4738,0,0,600
4739,0,0,600
4740,121055,0.491622,600
4741,0,0,600
4742,130717,0.530861,600
4743,119199,0.484084,600
4744,80304,0.326126,600
4745,53757,0.218315,600
4746,71225,0.289255,600
4747,58756,0.238617,600
4748,64184,0.260661,600
4749,35512,0.144219,600
4750,0,0,600
4751,38651,0.156967,600
4752,40421,0.164156,600
4753,46526,0.188949,600
4754,23782,0.0965821,600
4755,0,0,600
4756,0,0,600
4757,0,0,600
4758,0,0,600
4759,0,0,600
4760,56390,0.229008,600
4761,0,0,600
4762,58573,0.237873,600
4763,59890,0.243222,600
4764,33767,0.137133,600
4765,27547,0.111872,600
4766,36749,0.149243,600
4767,30137,0.122391,600
4768,33899,0.137669,600
4769,16290,0.066156,600
4770,30400,0.123459,600
4771,33482,0.135975,600
4772,35682,0.14491,600
4773,28497,0.11573,600
4774,16967,0.0689054,600
4775,34485,0.140049,600
4776,41975,0.170467,600
4777,0,0,600
4778,32079,0.130277,600
4779,17787,0.0722356,600
4780,37739,0.153264,600
4781,49717,0.201908,600
4782,38686,0.157109,600
4783,38983,0.158316,600
4784,23041,0.0935728,600
4785,0,0,600
4786,27005,0.109671,600
4787,20562,0.0835053,600
4788,0,0,600
4789,10056,0.0408389,600
4790,0,0,600
4791,0,0,600
4792,0,0,600
4793,0,0,600
4794,0,0,600
4795,0,0,600
4796,0,0,600
4797,0,0,600
4798,0,0,600
4799,0,0,600
4800,0,0,600
4801,0,0,600
4802,0,0,600
4803,0,0,600
4804,0,0,600
4805,0,0,600
4806,0,0,600
4807,0,0,600
4808,0,0,600
4809,0,0,600
4810,0,0,600
4811,0,0,600
4812,101541,0.412373,600
4813,84920,0.344872,600
4814,53521,0.217357,600
4815,0,0,600
4816,0,0,600
4817,0,0,600
4818,0,0,600
4819,0,0,600
4820,100729,0.409075,600
4821,0,0,600
4822,97316,0.395214,600
4823,94157,0.382385,600
4824,50184,0.203804,600
4825,0,0,600
4826,89678,0.364195,600
4827,88658,0.360053,600
4828,0,0,600
4829,48748,0.197973,600
4830,0,0,600
4831,0,0,600
4832,0,0,600
4833,0,0,600
4834,0,0,600
4835,0,0,600
4836,0,0,600
4837,0,0,600
4838,0,0,600
4839,0,0,600
4840,0,0,600
4841,0,0,600
4842,118663,0.481908,600
4843,103809,0.421583,600
4844,54651,0.221946,600
4845,0,0,600
4846,0,0,600
4847,0,0,600
4848,0,0,600
4849,0,0,600
4850,0,0,600
4851,0,0,600
4852,69189,0.280987,600
4853,0,0,600
4854,35432,0.143894,600
4855,0,0,600
4856,0,0,600
4857,0,0,600
4858,0,0,600
4859,0,0,600
4860,0,0,600
4861,0,0,600
4862,0,0,600
4863,0,0,600
4864,0,0,600
4865,123237,0.500483,600
4866,0,0,600
4867,156736,0.636528,600
4868,127594,0.518178,600
4869,71752,0.291395,600
4870,121478,0.49334,600
4871,131299,0.533224,600
4872,145513,0.590949,600
4873,109555,0.444919,600
4874,66414,0.269717,600
4875,130590,0.530345,600
4876,138543,0.562643,600
4877,0,0,600
4878,0,0,600
4879,79945,0.324668,600
4880,190131,0.772149,600
4881,181958,0.738958,600
4882,189715,0.77046,600
4883,147351,0.598414,600
4884,94182,0.382487,600
4885,0,0,600
4886,117488,0.477136,600
4887,168107,0.682707,600
4888,0,0,600
4889,85203,0.346022,600
4890,0,0,600
4891,0,0,600
4892,0,0,600
4893,0,0,600
4894,0,0,600
4895,21045,0.0854668,600
4896,0,0,600
4897,17252,0.0700629,600
4898,0,0,600
4899,12044,0.0489124,600
4900,58472,0.237463,600
4901,61377,0.249261,600
4902,61120,0.248217,600
4903,64972,0.263861,600
4904,43436,0.1764,600
4905,21094,0.0856658,600
4906,25721,0.104457,600
4907,22594,0.0917575,600
4908,36025,0.146303,600
4909,13299,0.0540092,600
4910,28238,0.114679,600
4911,34753,0.141137,600
4912,29910,0.121469,600
4913,34957,0.141965,600
4914,17689,0.0718376,600
4915,20190,0.0819945,600
4916,28814,0.117018,600
4917,18554,0.0753505,600
4918,0,0,600
4919,9125,0.0370579,600
4920,39250,0.1594,600
4921,46337,0.188181,600
4922,39192,0.159164,600
4923,46070,0.187097,600
4924,23954,0.0972807,600
4925,38929,0.158096,600
4926,45812,0.186049,600
4927,39984,0.162381,600
4928,38488,0.156305,600
4929,24176,0.0981822,600
4930,0,0,600
4931,32715,0.13286,600
4932,20710,0.0841063,600
4933,22914,0.0930571,600
4934,13320,0.0540944,600
4935,0,0,600
4936,0,0,600
4937,0,0,600
4938,0,0,600
4939,0,0,600
4940,22070,0.0896295,600
4941,0,0,600
4942,0,0,600
4943,27315,0.11093,600
4944,11143,0.0452533,600
4945,17430,0.0707858,600
4946,21837,0.0886832,600
4947,15285,0.0620746,600
4948,21740,0.0882893,600
4949,8367,0.0339796,600
4950,16928,0.0687471,600
4951,22913,0.093053,600
4952,18994,0.0771374,600
4953,0,0,600
4954,9259,0.0376021,600
4955,0,0,600
4956,12682,0.0515034,600
4957,9448,0.0383697,600
4958,0,0,600
4959,4493,0.0182467,600
4960,0,0,600
4961,0,0,600
4962,0,0,600
4963,0,0,600
4964,0,0,600
4965,0,0,600
4966,0,0,600
4967,0,0,600
4968,0,0,600
4969,0,0,600
4970,87707,0.356191,600
4971,0,0,600
4972,0,0,600
4973,71420,0.290047,600
4974,44123,0.17919,600
4975,88785,0.360569,600
4976,76485,0.310617,600
4977,0,0,600
4978,0,0,600
4979,44866,0.182207,600
4980,102143,0.414817,600
4981,93418,0.379384,600
4982,0,0,600
4983,102022,0.414326,600
4984,49095,0.199382,600
4985,107264,0.435615,600
4986,92192,0.374405,600
4987,0,0,600
4988,102525,0.416369,600
4989,48541,0.197132,600
4990,104974,0.426315,600
4991,109025,0.442766,600
4992,0,0,600
4993,0,0,600
4994,53943,0.21907,600
4995,105143,0.427001,600
4996,113146,0.459502,600
4997,0,0,600
4998,0,0,600
4999,56402,0.229057,600
5000,110892,0.450348,600
5001,112536,0.457025,600
5002,0,0,600
5003,112031,0.454974,600
5004,51581,0.209478,600
5005,98979,0.401968,600
5006,96684,0.392648,600
5007,0,0,600
5008,0,0,600
5009,46862,0.190313,600
5010,108764,0.441706,600
5011,107731,0.437511,600
5012,0,0,600
5013,103885,0.421892,600
5014,54151,0.219915,600
5015,115156,0.467665,600
5016,123236,0.500479,600
5017,0,0,600
5018,0,0,600
5019,58155,0.236176,600
5020,123968,0.503452,600
5021,137631,0.558939,600
5022,0,0,600
5023,0,0,600
5024,66014,0.268092,600
5025,118093,0.479593,600
5026,145025,0.588967,600
5027,0,0,600
5028,121839,0.494806,600
5029,62165,0.252461,600
5030,0,0,600
5031,133190,0.540904,600
5032,0,0,600
5033,115779,0.470195,600
5034,76308,0.309898,600
5035,0,0,600
5036,0,0,600
5037,0,0,600
5038,0,0,600
5039,0,0,600
5040,140532,0.570721,600
5041,0,0,600
5042,0,0,600
5043,116185,0.471844,600
5044,85964,0.349112,600
5045,0,0,600
5046,93885,0.381281,600
5047,0,0,600
5048,82164,0.33368,600
5049,69160,0.280869,600
5050,0,0,600
5051,0,0,600
5052,0,0,600
5053,0,0,600
5054,0,0,600
5055,10019,0.0406886,600
5056,0,0,600
5057,0,0,600
5058,9627,0.0390966,600
5059,3862,0.0156841,600
5060,23431,0.0951567,600
5061,22863,0.0928499,600
5062,0,0,600
5063,25864,0.105037,600
5064,15413,0.0625944,600
5065,17533,0.071204,600
5066,16539,0.0671673,600
5067,0,0,600
5068,17641,0.0716427,600
5069,8857,0.0359696,600
5070,24744,0.100489,600
5071,23093,0.093784,600
5072,0,0,600
5073,24200,0.0982797,600
5074,12899,0.0523847,600
5075,28593,0.11612,600
5076,28273,0.114821,600
5077,0,0,600
5078,25378,0.103064,600
5079,15271,0.0620177,600
5080,28988,0.117724,600
5081,31641,0.128499,600
5082,0,0,600
5083,27681,0.112417,600
5084,15914,0.0646291,600
5085,24911,0.101167,600
5086,26692,0.1084,600
5087,0,0,600
5088,28869,0.117241,600
5089,14763,0.0599547,600
5090,4328,0.0175766,600
5091,11985,0.0486728,600
5092,0,0,600
5093,9881,0.0401282,600
5094,3356,0.0136292,600
5095,0,0,600
5096,1059,0.00430075,600
5097,0,0,600
5098,0,0,600
5099,248,0.00100716,600
5100,0,0,600
5101,0,0,600
5102,0,0,600
5103,0,0,600
5104,0,0,600
5105,15067,0.0611893,600
5106,0,0,600
5107,0,0,600
5108,16583,0.067346,600
5109,6252,0.0253903,600
5110,18201,0.0739169,600
5111,20306,0.0824656,600
5112,0,0,600
5113,20331,0.0825671,600
5114,9763,0.039649,600
5115,0,0,600
5116,12792,0.0519502,600
5117,0,0,600
5118,10520,0.0427232,600
5119,5063,0.0205616,600
